0,1,2,3,4,5,MOSS-7B-A800-FlashAttnSparse-0-LongFormer7-Full_correct,MOSS-7B-A800-FlashAttnSparse-0-LongFormer7-Full_choiceA_probs,MOSS-7B-A800-FlashAttnSparse-0-LongFormer7-Full_choiceB_probs,MOSS-7B-A800-FlashAttnSparse-0-LongFormer7-Full_choiceC_probs,MOSS-7B-A800-FlashAttnSparse-0-LongFormer7-Full_choiceD_probs
Which of the following methods of detecting breast cancer involves exposure to radiation?,Needle aspiration,Mammography,Mastectomy,Lumpectomy,B,True,0.14708878,0.63892454,0.092045814,0.12194088
"The regions of the body that, when touched, are sexually exciting:",vary from person to person,vary for women depending on the phases of the menstrual cycle,are mainly on the lower portion of the body,all of the above,D,True,0.03948104,0.14668988,0.09179618,0.72203285
Which of the following is/are true of gonorrhea?,can be treated with antibiotics,has a high risk of infection with a single exposure,is asymptomatic (without symptoms) in only a small percentage of those infected,infections are limited to genital areas,A,False,0.28834742,0.32674044,0.20446895,0.18044321
"You are a homosexual male: Last night, you were tempted by lusty, swarthy Jacques (the king of fraternity row) to join him at the local dairy bar for a tall cool glass of milk. You also briefly considered studying for this test, but Jacques won out. In Freudian terms, which of the following was dominant?",the id,the ego,the superego,the Oedipus complex,A,False,0.1513419,0.33056107,0.16621654,0.35188043
Sociobiologists believe that there are more males than females with paraphilias because:,paraphilias guarantee survival of the species,evolutionary selection has favored the development of males who respond to novel sexual stimuli,of left brain/right brain differences between the genders,male brains are better developed than are female brains,B,True,0.22280295,0.5344765,0.09886822,0.14385241
"According to a study by Sprecher, Barbee, and Schwartz (1995), women were more likely than men to have ________ following their first act of intercourse.",felt glad,felt fear,experienced guilt,experienced regret,C,False,0.2318126,0.31685024,0.24676321,0.2045739
What is cocaine abuse during pregnancy related to?,an increased risk of low birth weight babies,poorer growth and lower intelligence,smaller head circumference,all of the above,D,True,0.1204536,0.19859444,0.10629994,0.574652
Joe wants desperately to get close to Helen. Helen appears to be put off by Joe's desperate advances. This is typical of Joe's relationships with women. According to attachment theory Joe would best be described as:,a secure lover,an avoidant lover,an anxious-ambivalent lover,a passionate lover,C,False,0.1485642,0.551983,0.16834532,0.13110745
Bruce is a homosexual man. His friend Chuck is a heterosexual man. If we could have observed Bruce and Chuck as children we might have expected which of the following?,Bruce likely participated in more female-typical play than Chuck.,Bruce likely participated in more male-typical play than Chuck.,Bruce and Chuck likely participated in more male-typical play than female-typical play.,Bruce's father was more likely to have homosexual tendencies than Chuck's father.,A,False,0.22751522,0.38701645,0.1717375,0.21373078
Judaism regards sexuality as,inherently evil,God's afterthought and has become an aberration,a gift from God,primarily a biological function,C,True,0.07858877,0.22740413,0.46660298,0.22740413
Freud said that the penis first becomes the major focus of pleasure-seeking at:,birth,about age 1,between the ages of 3 and 6,puberty,C,False,0.090651646,0.35853422,0.32644913,0.224365
"What makes a relationships last, according to Sternberg?",intimacy,commitment,decision,passion,B,True,0.1533984,0.56994414,0.1533984,0.12325907
The position that abortion is murder is held by certain people in which religion?,Orthodox Jews,Fundamentalist Protestants,Eastern Orthodox Christians,all of the above,D,True,0.09750213,0.34031588,0.17655355,0.3856284
"Orders of monks and nuns found both in Eastern religions and in Christianity who affirm celibacy, virginity, and poverty follow the ethical system of:",legalism,asceticism,situationism,hedonism,B,True,0.099030256,0.7789333,0.061971545,0.060064886
Ovaries and testes,are homologous,produce gametes,produce sex hormones,all of the above,D,True,0.13053283,0.15745266,0.16245073,0.54956377
Simon LeVay studied the brains of heterosexuals and homosexuals. He found differences in:,the cortical activity of these two groups,the overall brain weights of these two groups,the cell structure in the hypothalamus of these two groups,blood volume and metabolism of sugars in the brains of these two groups,C,False,0.1419846,0.35141525,0.34060332,0.1659968
"Which of the following theories uses terms such as ""modelling"" and ""imitation"" to explain the effects of exposure to erotica on a person's behaviour?",sociobiology,psychoanalytic theory,script theory,social learning theory,D,False,0.19162063,0.5048531,0.19770332,0.105822966
"________ men, on the average, begin engaging in sexual intercourse approximately two years later than ________ men do.",Mexican Americans and whites; African Americans,Mexican Americans; African Americans and whites,African Americans; whites and Latinos,Whites; African Americans and Latinos,A,False,0.26422974,0.47845823,0.15055355,0.10675846
"In the scientific community, women's capacity for multiple orgasms was originally discovered by:",Kinsey,Freud,Masters and Johnson,Kaplan,A,False,0.15305987,0.4428934,0.2771556,0.12689108
Which of the following characteristics are generally consistent with date rape?,use of excessive force,premeditated,sexually motivated,involves use of a weapon,C,False,0.15915017,0.34761593,0.2389127,0.25432125
"According to John Money, __________ refers to a person's private internal sense of maleness or femaleness.",Gender identity,Sexual nomenclature,Gender schema,Intrapsychic sexual orientation,A,True,0.35134953,0.21986893,0.14646427,0.28231728
The average male genital size is approximately,4 inches,5 inches,7 inches,1 foot,B,True,0.12202103,0.5137277,0.27497864,0.08927249
People who cannot reach orgasm without touching a woman's shoe would certainly be considered sexually abnormal or deviant by which of the following definitions?,psychological,sociological,statistical,b and c,D,False,0.09754737,0.45105445,0.12139966,0.3299985
"If a woman or man repeatedly experiences pain during intercourse, she will probably want to have intercourse infrequently or not all. In this situation, __________ would likely classify the pain as a punishment.",Sigmund Freud,John Money,B. F. Skinner,Havelock Ellis,C,False,0.27942342,0.3701759,0.16426456,0.18613613
"What seems to be the case when the folk saying ""opposites attract"" (i.e., dissimilar attitudes tend to cause liking) when it is considered in light of current research?",It does not seem to be true.,It seems to be true for heterosexuals but not for homosexuals.,It seems to be true for homosexuals but not for heterosexuals.,It seems to be true for women but not for men,A,False,0.15549214,0.38484675,0.23342136,0.22623973
The egg can be fertilized until about _______ after ovulation.,6 hours,24 hours,72 hours,1 week,B,True,0.10431953,0.5134787,0.23508768,0.14711411
"After releasing an egg, the follicle, under stimulation of luteinizing hormone, turns into a a glandular mass of cells called the __________",corpus cavernosum,corpus luteum,corpus callosum,corpus glandula,B,True,0.13613991,0.8082999,0.03037692,0.025183352
How is endometriosis generally treated?,antiprosaglandin drugs,prostaglandin drugs,hormones,aspirin,C,True,0.16743717,0.34355876,0.3544645,0.13453954
"Before the Masters and Johnson research, it was thought that vaginal lubrication was due to secretions of",Cowper's gland,Prostate gland,Bartholin glands,Adrenal gland,C,False,0.17101012,0.43668965,0.2265516,0.1657487
Buffy and Willow were discussing their sexual fantasies. Buffy revealed that she sometimes fantasizes about sex with other women even though she normally finds herself attracted to men. She also fantasizes about group sex. Which of the following statements can be inferred from Buffy's fantasies?,Buffy's fantasies suggest that she must be a latent homosexual or bisexual.,Buffy's fantasies are indicative of a paraphilia.,Buffy's fantasies indicate that she is not getting enough sex to keep her satisfied.,Buffy's fantasies are fairly typical and tell us little about her sexual tendencies.,D,False,0.2058189,0.3612234,0.16029191,0.27266574
The environment for sperm passage is most hospitable just at,preovulation,proliferation,ovulation,menstruation,C,False,0.2609302,0.41696525,0.1909006,0.13120393
Secretions of Cowper's gland fluid at the tip of the penis are first evident:,following orgasm,immediately before orgasm,prior to vasocongestion,during the plateau phase,D,False,0.2014413,0.453955,0.17230189,0.17230189
Which of the following restrictions existed in at least one culture? No sex,for a period of time following childbirth,during menstruation,between parents and children,all of the above,D,True,0.07942796,0.2298324,0.1394004,0.55133927
Which of the following teenagers have the highest pregnancy rates?,U.S.,Canadian,Swedish,French,A,True,0.38549283,0.31958476,0.12912393,0.16579841
The onset (the very beginning) of labor is first triggered by,hormones secreted by the Mother's ovaries,hormones secreted by the Mother's hypothalamus,hormones secreted by the fetus' adrenal gland,the placenta and uterus secretion of prostaglandins,C,False,0.21033359,0.3361121,0.07268934,0.38086492
One of the first models of the physiology of the human sexual response was provided by,Henry Havelock Ellis,Sigmund Freud,Linda George and Stephen Weiler,William Masters and Virginia Johnson,D,False,0.16031075,0.5256387,0.07339561,0.24065493
"An adult feels himself becoming aroused when looking at a child and realizes that the response is totally inappropriate, as a result he feels anxiety rather than arousal. This is an example of __________ according to Walen and Roth's cognitive model of the sexual response.",negative perception,negative evaluation,negative arousal,cognitive dissonance,B,True,0.19307706,0.33886078,0.18713671,0.28092545
We are attracted to a person who is similar to us in attitudes because:,we get positive reinforcement from that person agreeing with us,the other person's agreement bolsters our sense of rightness,we anticipate positive interactions with that person,all of the above,D,True,0.09285794,0.22275463,0.11556358,0.5688239
"According to the Ethnocultural Communities Facing AIDS study, single _________ men are more likely than single _________ to report having had more than one sexual partner in the previous year.",Chinese; North African Muslim,South Asian; English-speaking Caribbean,South Asian; Chinese,North African Muslim; Latin American,B,True,0.23744656,0.40391022,0.17371963,0.18492357
Penile or clitoral erection occurs because of activation of the _________ system.,pathetic,apathetic,sympathetic,parasympathetic,D,False,0.07505017,0.17449686,0.6901485,0.0603045
Which of the following is homologous to the glans of the penis?,labia minora,labia majora,mons,clitoris,D,True,0.2122445,0.27252734,0.16529618,0.34993201
What day of a typical 28-day menstrual cycle is a woman likely to ovulate?,4,10,14,22,C,True,0.0778672,0.31774682,0.43430838,0.1700776
The two principles that deal with questions of values are:,religion and ethics,faith and science,legal and ethics,legal and religion,A,False,0.31610137,0.4187663,0.090564564,0.17456776
Studies conducted by Bailey and Pillard (1991) have shown that:,the homosexuality concordance rate for identical twins is 100%,the homosexuality concordance rate for identical twins and fraternal twins is approximately the same,the homosexuality concordance rate for identical twins is higher than for fraternal twins,the homosexuality concordance rate for adoptive brothers differs little from that of biological brothers,C,False,0.1785798,0.4283907,0.18424855,0.20878096
The capacity of a spinal-cord injured man to have erections depends on:,the level of the spinal cord at which the injury occurred,whether the spinal cord was partially or completely severed,the man's age,both a and b,D,False,0.13285163,0.3844189,0.110137865,0.37259158
Research on the effects of sexually explicit material using material that the viewer finds acceptable has shown that:,erotica has no effect on sexual behavior,erotica may lead to increases in sexual arousal for men and women,nonaggressive erotica leads to massive increases in aggressive behavior,erotica decreases sexual arousal and sexual interest,B,True,0.14366683,0.6240603,0.07934036,0.15293254
Fetishism typically develops at the age of:,30 through 50,at birth,10 through 20,20 through 30,C,False,0.16272545,0.40274936,0.24427983,0.19024532
Hillary just found out that she is pregnant but she suspects that her husband has been fooling around. It is important that she be tested for chlamydia because chlamydia can cause which of the following complications?,tubal pregnancies,premature delivery,spontaneous abortion,all of the above,D,True,0.06256867,0.16484651,0.120604284,0.6519806
Roman Catholicism takes the position that it is sinful to,engage in homosexual acts,engage in heterosexual acts outside of marriage,take the birth control pill,all of the above,D,True,0.07601618,0.16603461,0.12147351,0.6364757
Which of the following is the most common method of birth control for married couples in the U.S..,Sterilization,The IUD,The diaphragm,The rhythm method,A,False,0.15957095,0.4074787,0.16986239,0.26308802
The theory of _______ is used by sociobiologists specifically to explain the evolution of gender differences.,natural selection,the new synthesis,sexual selection,the gender schema,C,True,0.069951326,0.20241086,0.6432604,0.0843774
Experimental work on the introduction of the birth control pill was done with,middle- and upper-class American women,white American women,poor Puerto Rican women,Asian American women,C,False,0.21426688,0.42612058,0.20767458,0.15193798
Which of the following have menstrual cycles?,some monkey species,some ape species,some breeds of dogs,a and b only,D,True,0.24808346,0.29924574,0.11358088,0.33908987
What sexual act is prohibited in most societies?,masturbation,incest,sex during menstruation,sex with a non-spouse if the person is married.,B,False,0.09039421,0.2963912,0.10903623,0.5041784
Which of the following is removed when a male is circumcised?,sunna,corpus spongiosum,septum,prepuce,D,False,0.26182303,0.34685916,0.11260868,0.27870917
Staphylococcus aureus is...,...a hormone released during menstruation,...the term for the follicle after it has ruptured,...a bacterium associated with Toxic Shock Syndrome,...the term for the mass of cells in the corpus luteum,C,False,0.15021099,0.3835772,0.24765606,0.2185557
Jeffrey Dahmer's behaviour might best fit into the category of:,zoophilia,necrophilia,urophilia,scoptophilia,B,True,0.1718285,0.52926904,0.15645163,0.14245082
An anatomical difference between males and females is:,"males have one exit structure for urine and reproductive fluids, whereas females have two","males have an external sexual organ that gets engorged with blood, whereas females do not",males have many times the number of nerve endings in the penis that females have in the clitoris.,all of the above,A,False,0.06615167,0.23089202,0.14907509,0.55388117
Kenny fell off a ladder while trying to change a lightbulb. He suffered an injury his upper back transecting his spinal cord and leaving him quadraplegic. Which of the following are probably impaired in Kenny?,ejaculation,erection,genital sensation,both A and C,D,True,0.16095728,0.31025326,0.1660666,0.3627228
The feedback loop in men which regulates the production of sex hormones includes all but which of the following?,oxytocin,gonadotropin-releasing hormone,follicle-stimulating hormone,pituitary gland,A,False,0.11274471,0.46006882,0.09059292,0.33659357
The Old Testament presents the view that sexuality is,fundamentally positive,to be considered in light of its social consequences,comparable to other biological functions,a and b,D,True,0.22560665,0.29888025,0.13683735,0.3386757
Castration in adulthood,will produce a high voice because of decreased testosterone production.,will produce a high voice because of the pain that accompanies the procedure.,will not produce a high voice because the larynx has already grown.,will not produce a high voice because castration does not affect testosterone production.,C,False,0.12603666,0.25861043,0.2506538,0.36469913
Xena has been able to conceive but has repeatedly miscarried early in her pregnancies. Which of the following would be her best option for having a child?,artificial insemination,in vitro fertilization,zygote intra-fallopian transfer,embryo transfer,D,False,0.25275323,0.39147186,0.13958359,0.2161913
Which of the following is TRUE of the duration of the refractory period experienced by men?,it is consistent across men and lasts 20 minutes,it varies across men lasting from a few minutes to 24 hours,it tends to be shorter with alcohol consumption,it tends to be longer in younger men,B,True,0.0642836,0.6698505,0.09650112,0.16936474
"At about _________ months after conception, the gender of the fetus is clear from the appearance of external genitals.",2,4,6,8,B,True,0.19890617,0.434451,0.21173452,0.15490828
__________ is a shedding of the inner lining of the uterus.,Menstruation,Ovulation,The luteal phase,The follicular phase,A,False,0.30427217,0.41589072,0.1268395,0.15299766
"When a woman thinks that she probably is a lesbian, she is at the:",pride stage,tolerance stage,acceptance stage,confusion stage,B,True,0.22461239,0.41963115,0.1695463,0.1862102
Which of the following STDs can be passed from mother to child through the placenta?,gonorrhea,syphilis,genital herpes,chlamydia,B,True,0.08897733,0.61762506,0.1466988,0.1466988
Persons with liberal attitudes about premarital sex are likely to:,have liberal attitudes about extramarital sex,engage in accidental extramarital sexual activity,engage in open swinging,all of the above,A,False,0.103793144,0.1939111,0.08604754,0.61624825
"Menstrual cramps may be caused, in part, by:",low levels of prostaglandin,an increased oxygen supply to the uterus,highly sensitive nerve endings,frequent masturbation,A,False,0.16160505,0.42577258,0.23513396,0.17748842
Avalon had a wild time during spring break. Unfortunately the guy she hooked up with in Palm Beach had genital herpes. Which of the following is true about genital herpes?,Avalon could not contract genital herpes from performing fellatio (oral-genital sex) on the guy.,If Avalon contracted genital herpes she can be cured with antibiotics if administered immediately after the first occurrence.,If Avalon contracted genital herpes she will only be contagious when she has a break out.,none of the above,D,False,0.102448665,0.39272586,0.1689093,0.33591622
Stan is out having a few beers with some friends. Which of the following will be DECREASED if Stan only consumes 1 beer?,arousal,erection,inhibition,orgasm,C,False,0.29916203,0.37231314,0.14131413,0.1872108
Vasocongestion is a process of :,muscle contraction,blood accumulation in the genitals,muscle relaxation,detumescence,B,True,0.04945794,0.9044913,0.024103876,0.02194683
Which of the following is/are secondary sex characteristics in males AND females?,underarm hair,sweat and oil glands,deepening of the voice,both A and B,D,True,0.10479414,0.2676012,0.09541614,0.53218853
It's 3:00 A.M. You are male. You awaken to urinate. Standing at the commode you are in extreme agony. Your penis feels as if it is on fire. You notice a yellowish discharge coming out of your penis after you finish urinating. Your moans have awakened your significant other. She comes running into the bathroom and asks you what is wrong. You tell her you probably have:,genital herpes,AIDS,syphilis,gonorrhea,D,False,0.14524755,0.38267633,0.16458705,0.30748907
Which of these statements is accurate concerning the norms of swinging?,Male and female homosexual acts are common and widely accepted.,It is expected that couples will engage in sex with the same partners on several occasions.,The combination of two men with one woman is the typical introduction to swinging.," Most swingers also tend to have tolerant attitudes towards various forms of ""exotic"" sexuality.",D,True,0.10034446,0.2903563,0.21242923,0.39687002
Romulo is on a crowded bus and he sees a woman near the door. Feeling a little saucy Romulo proceeds to rub up against the woman and is immediately aroused. Romulo's inappropriate behavior would be characterized as:,Frotteurism,Exhibitionism,Voyeurism,Sadomasochism,A,False,0.32139453,0.4257786,0.114596754,0.13823007
Mini-pills contain:,estrogen only,progestin only,synthetic androgens and estrogen,synthetic estrogen,B,True,0.18772882,0.6760375,0.08074117,0.055492535
"Heterosexual fantasies about sexual activity never involve someone _________, and gay and lesbian fantasies never involve persons of __________",Both heterosexual and homosexual fantasies may involve persons of the same or other gender,of the other gender; of the same gender,of the same gender; of the same gender,of the same gender; of the other gender,A,False,0.19132492,0.38049504,0.23078191,0.19739823
Which of the following is typically associated with having a vasectomy?,decreased testosterone production,reduced rigidity of erections,decreased sperm production,normal orgasm,D,False,0.110828206,0.28300977,0.39910772,0.20705436
Which of the following are reflexes?,ejaculation,erection,orgasm,both A and B,D,False,0.1473718,0.35352656,0.16699412,0.33210748
Which of the following sexual variations is probably the most dangerous?,troilism,asphyxiophilia,zoophilia,necrophilia,B,True,0.10137369,0.30264592,0.30264592,0.29333448
The follicular phase is to the __________ as the luteal phase is to the secretory phase.,postovulatory,menstrual,proliferative,myometrial,C,False,0.42770618,0.40179276,0.09846356,0.07203747
"For purposes of conception, the best position for intercourse is:",woman-on-top,man-on-top,rear entry,side-to-side,B,True,0.18697362,0.4774539,0.17564547,0.15992703
"Danny and Sandy are coworkers. Sandy sees Danny in the break room and says ""Hey Stud! Nice buns! Wanna do it?"" This would be considered harrassment if:",Sandy is Danny's supervisor,Danny has previously told Sandy that he does not appreciate her advances,"Danny responds with ""Sure baby your office or mine?""",both A and B,D,True,0.13468118,0.30350873,0.18408735,0.3777227
Erection in the male and vaginal lubrication in the female mark the __________ stage of sexual response.,excitement,resolution,plateau,orgasm,A,False,0.26814234,0.3901448,0.089816436,0.2518964
The placenta does all of the following except:,supplies oxygen to the fetus,supplies nutrients to the fetus,supplies blood to the fetus,secretes hormones,C,False,0.09984978,0.2321577,0.12820965,0.5397828
Which of the following is the MOST COMMON menstrual problem?,painful menstruation,absence of menstruation,menstruation without ovulation,ovulation without menstruation,A,False,0.2239537,0.45952314,0.11261099,0.20391215
In all of her relationships Helen is typically uncomfortable feeling close to another person or having that person feel close to her. According to attachment theory Helen would best be described as:,a secure lover,an avoidant lover,an anxious-ambivalent lover,a passionate lover,B,True,0.11453792,0.6191861,0.15173808,0.11453792
Approximately how many sperm are in the typical ejaculate?,"300,000",300 million,3 million,30 million,B,True,0.15894955,0.44578508,0.23127025,0.16399516
Bill is a successful ad executive for a computer company. He is 32 married and the father of two children. When Bill's wife is not home he puts on her satin stockings garter belt bra skirt blouse and red stilettos. While dressing he becomes sexually excited and proceeds to masturbate. Which of the following descriptions best fits Bill?,female impersonator,drag queen,transsexual,transvestite,D,False,0.14850408,0.39125612,0.22293103,0.23730883
Sociobiologists assume that the central function of sex is:,pleasure,reproduction,to maintain the double standard,to relieve tension,B,True,0.08390952,0.8474561,0.028998353,0.03963605
Which of the following approaches to psychotherapy focuses only the problem behaviour and how to modify it?,Behaviour modification,psychoanalytic,sociological,evolutionary,A,True,0.61860466,0.33111522,0.025532862,0.024747299
JD Unwin's book _Sex and Culture_ argues what two things are linked?,homosexuality in sons with distant fathers,sexual abuse and Christianity,civilizational collapse and promiscuity,anthropology and evolution,C,False,0.20399614,0.4597124,0.19163664,0.14465491
The official condemnation by the Catholic Church of artificial birth control is set forth in _______ encyclical called Humanae Vitae.,Pope John II's,Pope Paul VI's,Pope John Paul I's,Pope John Paul II's,B,True,0.06534523,0.902063,0.019316012,0.013275688
"According to Byrne's law of attraction and his formula, we are attracted to people who:",provide a lot of reinforcement and a small amount of punishment,provide more punishment than reinforcement,provide an equal balance of punishment and reinforcement,are extremely attractive and provide a lot of reinforcement,A,False,0.18582103,0.31609222,0.19171962,0.30636707
"Benny is the head of a successful corporation. After a hard day at work during which he is under incredible pressure to perform well, he goes home to his wife who proceeds to spank him, tie him to their four poster bed, and tease him until he begs for intercourse. According to psychological theory, what is the most likely reason Benny finds this alluring?","As a child be became sexually aroused pretending to be a powerful executive, so he now becomes aroused at work and must discharge this when he gets home.",He is overcome with feelings of self doubt and his sadomasochistic behaviour allows him a safe outlet for that self doubt.,"He is overwhelmed with pressures and responsibilities at work, and the masochistic behaviour allows him to escape from being an autonomous, separate individual.",He is secretly fascinated by violence and engaging in sadomasochistic behaviour is a relatively safe outlet for it.,C,False,0.17826807,0.34362072,0.2020042,0.276107
Darla and Janice are two moms raising a son Timmy. Which of the following most likely characterizes Timmy?,He will probably grow up to be gay.,He will not be popular with his peers.,As long as Timmy has at least one supportive and accepting caregiver he will have a healthy development.,His social skills will lag behind his peers who are raised in heterosexual families.,C,True,0.09039,0.25350502,0.4179591,0.23814592
What are the experiences when a sexual addict has completed the sexual act?,(s)he experiences feelings of hopelessness and despair,(s)he uses the fantasy of the behaviour just completed to become aroused again,(s)he feels relaxed and emotionally relieved,(s)he immediately becomes sexually aroused again and feels good about the behaviour,A,False,0.087435454,0.30517972,0.16335094,0.44403386
Which of the following is/are likely to cause coital pain for BOTH men and women?,infections,foreskin too tight,vaginismus,both A and C,A,False,0.11385048,0.2907274,0.23360604,0.3618161
The endometrium grows and thickens during:,menstruation,the follicular phase,the luteal phase,ovulation,B,True,0.10124681,0.49835426,0.30226713,0.098131776
Which of the following events INITIATES puberty?,pituitary gland releases FSH,pituitary gland releases growth hormone,hypothalamus releases GNRS,hypothalamus releases LH,C,False,0.31916192,0.46437785,0.060913116,0.1555471
Alexander the Great was probably,bisexual,asexual,heterosexual,pedosexual,A,False,0.26746273,0.34342894,0.22173439,0.1673739
Shaggy has a fantasy about digging up a recently buried woman and having sex with her. He told his friends this and they encouraged him to get therapy. As part of the treatment he masturbates to his fantasy and at the last moment before orgasm he switches to a fantasy about having sex with a living woman. This procedure is part of the process of:,orgasmic reconditioning,aversive conditioning,covert sensitization,desensitization therapy,A,False,0.2358176,0.34311256,0.1620749,0.25899494
How do girls most frequently learn about masturbation?,through reading about it,being told by peers,self-discovery,observing others doing it.,C,True,0.086788915,0.32245994,0.38896093,0.20179027
How many centimetres must the cervix dilute to before a baby can be born?,5,10,15,20,B,True,0.15136433,0.38652235,0.22023381,0.24187952
"From 1988 to 1990 among heterosexuals in the US, the number of unmarried adults aged 20 to 45 who report having multiple partners has:",declined for both men and women,"declined for men, but not for women","declined for women, but not for men","declined for men, and remained the same for women",A,False,0.18130343,0.4349243,0.16507865,0.21869367
Which is true with regard to voyeurs?,They are generally middle-aged.,They are usually dangerous.,They typically want to view friends' sexual behaviours.,They typically want to observe strangers' activities.,D,False,0.08531704,0.33743542,0.2886238,0.2886238
What are the three dimensions of intimacy in romantic relationships that outline closeness and sharing?,"affective, trusting, and friendship","becoming emotional, caring, and physical","affective, cognitive, and physical","mutual self-disclosure, sexuality, and trusting",C,False,0.16467944,0.35969296,0.18660624,0.28902143
Mike and Carol have been married for 5 years. Recently Mike has found that although he wants to have sex with Carol he has trouble getting aroused. However he does not have trouble getting aroused when he sees his secretary at work. Which of the following describe(s) Mike's dysfunction?,Mike suffers from a global dysfunction.,Mike suffers from erectile dysfunction.,Mike suffers from lubrication inhibition.,Mike must be having an affair with his secretary.,B,True,0.19303931,0.49294317,0.13267386,0.18134366
__________ occurs when the fertilized egg implants somewhere other than the uterus.,Pseudocystitis,Ectopic pregnancy,Pre-eclamptic pregnancy,Eclamptic pregnancy,B,True,0.19632247,0.62391156,0.089882985,0.089882985
A pimp can be best described as ,...a male companion-master of a prostitute,...a gigolo who works with a street walker,...an experienced male prostitute,...an escort to a female prostitute,A,True,0.43424898,0.33819345,0.10314317,0.12441442
Menstruation is triggered by...,...a sharp increase in estrogen levels,...a sharp increase in progesterone levels,...a sharp decrease in estrogen and progesterone levels,...a sharp increase in estrogen and progesterone levels,C,False,0.25012296,0.42547354,0.17736375,0.14703973
Which of the following concerning self-disclosure in relationships is supported by research?,"when one partner in a relationship self-discloses, the other is unlikely to do so",self-disclosure on the part of one partner often leads to self-disclosure on the part of the other,there is a negative correlation between amount of self-disclosure and relationship satisfaction,there is no relationship between amount of self-disclosure and relationship satisfaction,B,True,0.13691907,0.50871605,0.12862356,0.22574137
Attachment to a care-giver begins:,in the hours immediately following birth,several weeks after birth,several months after birth,when the child learns to speak,A,False,0.19474685,0.63855034,0.12186947,0.044833273
Female sterilization inhibits _________ production.,egg,estrogen,progesterone,none of the above,D,False,0.08894065,0.3304546,0.38634056,0.19426423
Another term for sexual self-stimulation is:,masturbation,autoeroticism,self-eroticism,a and b,D,False,0.48399454,0.33264428,0.071939364,0.111421876
You have been asked to write a response paper to LeVay's research on brain differences between heterosexuals and homosexuals. Which are plausible criticisms of LeVay's work?,Sample size was relatively small.,Gay and straight groups were not equivalent in terms of the number of deaths due to AIDS.,Lesbians were omitted from the study.,all of the above,D,True,0.045178007,0.10181021,0.076850384,0.7761614
About ___ % of adolescent males have homosexual experiences during their teenage years.,5,10,20,30,B,True,0.14728947,0.468085,0.20132086,0.18330471
Hormones are secreted:,directly into the bloodstream,into the tissues surrounding the glands where they were manufactured,into the stomach and then are digested and travel throughout the body,into the ovaries and testes,A,False,0.13041179,0.3128416,0.1015648,0.45518184
"By 28 days after conception, the embryo is about __________ centimetres long.",1,2,3,4,A,False,0.23497075,0.48212868,0.17190827,0.11099233
"""The state has no business in the bedrooms of the nation,"" is a famous quote by this former Canadian Prime Minister.",Clark,Mulroney,King,Trudeau,D,False,0.13868369,0.56591606,0.15231425,0.14308599
Keith is really anxious about a big presentation he has to give at work tomorrow. As a result tonight he is having trouble getting an erection. Which of the following BEST explains why Keith might be having this problem?,relaxation is necessary for vasocongestion,anxiety inhibits the sympathetic system,anxiety causes retrograde ejaculation which inhibits arousal,anxiety decreases blood flow to the upper spinal cord inhibiting vasocongestion,A,False,0.17053397,0.38430423,0.14586543,0.29929644
A person with a rating of 4 on the Kinsey scale would be classified as:,mostly heterosexual with incidental homosexual experience,heterosexual with substantial homosexual experience,homosexual with substantial heterosexual experience,mostly homosexual with incidental heterosexual experience,C,False,0.21857022,0.5243227,0.12453755,0.13256954
The refractory period occurs in males during the ______ stage.,resolution,orgasm,plateau,excitement,A,False,0.1380029,0.658375,0.14238359,0.06123842
The zona pellucida is...,...a protective layer surrounding the egg,...the fertilized egg,...an enzyme secreted by sperm to break down the protective coating on the egg.,...the area where sperm collect before attempting to fertilize the egg.,A,False,0.15235332,0.27587622,0.2591617,0.31260872
In men gonorrhea and chlamydia most often infect the:,penis,scrotum,urethra,bladder,C,True,0.13727522,0.24857329,0.542934,0.07121744
Which method of abortion is most costly and carries the greatest risk of complications?,hysterotomy,saline-induced abortion,prostaglandin abortion,dilation and curettage,A,False,0.06556001,0.22882694,0.23609069,0.4695224
Miss Jones has been concerned about her health lately. She has noticed some itching and skin irritation around her genitals. Given her promiscuous sexual history she suspects that she has contracted:,chlamydia,genital warts,gonorrhea,pubic lice,D,False,0.17725374,0.51290065,0.13804534,0.1718002
Which of the following is NOT part of the internal structure of a female's breast?,Breast lobule,Lactiferous duct,Lactiferous sinus,Dartos Muscle,D,True,0.064172134,0.24599695,0.29672894,0.393102
"Over the past several decades, attitudes toward premarital sex have __________; attitudes toward extramarital sex have __________.",remained constant; remained constant,become less permissive; become more accepting,remained constant; become less accepting,become more more permissive; become less accepting,D,False,0.15956931,0.6311089,0.10629608,0.1030257
