0,1,2,3,4,5,MOSS-7B-A800-FlashAttnSparse-0-LocalSlide7-Mixed_correct,MOSS-7B-A800-FlashAttnSparse-0-LocalSlide7-Mixed_choiceA_probs,MOSS-7B-A800-FlashAttnSparse-0-LocalSlide7-Mixed_choiceB_probs,MOSS-7B-A800-FlashAttnSparse-0-LocalSlide7-Mixed_choiceC_probs,MOSS-7B-A800-FlashAttnSparse-0-LocalSlide7-Mixed_choiceD_probs
Which one of the following is the most appropriate definition of a 99% confidence interval?,"99% of the time in repeated samples, the interval would contain the true value of the parameter","99% of the time in repeated samples, the interval would contain the estimated value of the parameter","99% of the time in repeated samples, the null hypothesis will be rejected","99% of the time in repeated samples, the null hypothesis will not be rejected when it was false",A,False,0.21590306,0.25192374,0.3545762,0.17759702
What is the main difference between the Dickey Fuller (DF) and Phillips-Perron (PP) approaches to unit root testing?,ADF is a single equation approach to unit root testing while PP is a systems approach,PP tests reverse the DF null and alternative hypotheses so that there is stationarity under the null hypothesis of the PP test,The PP test incorporates an automatic correction for autocorrelated residuals in the test regression,PP tests have good power in small samples whereas DF tests do not.,C,True,0.22310264,0.2474349,0.340856,0.18860658
"If there were a leverage effect in practice, what would be the shape of the news impact curve for as model that accounted for that leverage?",It would rise more quickly for negative disturbances than for positive ones of the same magnitude,It would be symmetrical about zero,It would rise less quickly for negative disturbances than for positive ones of the same magnitude,It would be zero for all positive disturbances,A,False,0.20081979,0.25090244,0.36720622,0.18107156
Which of the following statements is false concerning the linear probability model?,There is nothing in the model to ensure that the estimated probabilities lie between zero and one,"Even if the probabilities are truncated at zero and one, there will probably be many observations for which the probability is either exactly zero or exactly one",The error terms will be heteroscedastic and not normally distributed,The model is much harder to estimate than a standard regression model with a continuous dependent variable,D,False,0.22158463,0.24241433,0.36037052,0.17563055
Which of the following statements concerning the regression population and sample is FALSE?,The population is the total collection of all items of interest,The population can be infinite,"In theory, the sample could be larger than the population",A random sample is one where each individual item from the population is equally likely to be drawn.,C,True,0.17125547,0.23776469,0.41566315,0.17531668
Which of the following statements is INCORRECT concerning a comparison of the Box-Pierce Q and the Ljung-Box Q* statistics for linear dependence in time series?,"Asymptotically, the values of the two test statistics will be equal",The Q test has better small-sample properties than the Q*,The Q test is sometimes over-sized for small samples,"As the sample size tends towards infinity, both tests will show a tendency to always reject the null hypothesis of zero autocorrelation coefficients.",B,False,0.23009871,0.23833199,0.34340104,0.18816824
A parsimonious model is one that,Includes too many variables,Includes as few variables as possible to explain the data,Is a well-specified model,Is a mis-specified model,A,False,0.21797182,0.24507229,0.3607813,0.17617452
Which of the following is NOT a feature of continuously compounded returns (i.e. log-returns)?,They can be interpreted as continuously compounded changes in the prices,They can be added over time to give returns for longer time periods,They can be added across a portfolio of assets to give portfolio returns,They are usually fat-tailed,C,True,0.18365937,0.22901464,0.42869216,0.15863381
"Which of the following features of financial asset return time-series could be captured using a standard GARCH(1,1) model?

i) Fat tails in the return distribution


ii) Leverage effects


iii) Volatility clustering


iv) Volatility affecting returns",(ii) and (iv) only,(i) and (iii) only,"(i), (ii), and (iii) only","(i), (ii), (iii), and (iv)",B,False,0.22560711,0.25316194,0.37123746,0.1499935
"Consider the estimation of a GARCH-M model. If the data employed were a time-series of daily corporate bond percentage returns, which of the following would you expect the value of the GARCH-in-mean parameter estimate to be?",Less than -1,Between -1 and 0,Between 0 and 1,Bigger than 1,C,True,0.17695214,0.23124027,0.4571895,0.13461807
"Under which of the following situations would bootstrapping be preferred to pure simulation?

i) If it is desired that the distributional properties of the data in the experiment

are the same as those of some actual data


ii) If it is desired that the distributional properties of the data in the experiment

are known exactly


iii) If the distributional properties of the actual data are unknown


iv) If the sample of actual data available is very small",(ii) and (iv) only,(i) and (iii) only,"(i), (ii), and (iv) only","(i), (ii), (iii), and (iv)",B,False,0.25334442,0.23799506,0.32403246,0.18462814
"Which of the following may be consequences of one or more of the CLRM assumptions being violated?

i) The coefficient estimates are not optimal


ii) The standard error estimates are not optimal


iii) The distributions assumed for the test statistics are inappropriate


iv) Conclusions regarding the strength of relationships between the dependent

and independent variables may be invalid.",(ii) and (iv) only,(i) and (iii) only,"(i), (ii), and (iii) only","(i), (ii), (iii), and (iv)",D,False,0.25288233,0.24083117,0.32661548,0.17967099
Which of the following statements is true concerning forecasting in econometrics?,Forecasts can only be made for time-series data,Mis-specified models are certain to produce inaccurate forecasts,Structural forecasts are simpler to produce than those from time series models,In-sample forecasting ability is a poor test of model adequacy,D,False,0.19559005,0.24105023,0.38973773,0.17362197
The pacf is necessary for distinguishing between,An AR and an MA model,An AR and an ARMA model,An MA and an ARMA model,Different models from within the ARMA family,B,False,0.24396633,0.23008215,0.3549689,0.17098254
Negative residual autocorrelation is indicated by which one of the following?,A cyclical pattern in the residuals,An alternating pattern in the residuals,A complete randomness in the residuals,Residuals that are all close to zero,B,False,0.2165796,0.2319026,0.37715098,0.17436682
"Which of the following statements are true concerning a comparison between ARCH(q) and GARCH(1,1) models?

i) The ARCH(q) model is likely to be the more parsimonious


ii) The ARCH(q) model is the more likely to violate non-negativity constraints


iii) The ARCH(q) model can allow for an infinite number of previous lags of squared

returns to affect the current conditional variance


iv) The GARCH(1,1) model will usually be sufficient to capture all of the dependence

in the conditional variance",(ii) and (iv) only,(i) and (iii) only,"(i), (ii), and (iii) only","(i), (ii), (iii), and (iv)",A,False,0.25586978,0.23849684,0.31843507,0.18719831
"Which of the following statements are true concerning a triangular or recursive system?

i) The parameters can be validly estimated using separate applications of OLS to

each equation


ii) The independent variables may be correlated with the error terms in other

equations


iii) An application of 2SLS would lead to unbiased but inefficient parameter estimates


iv) The independent variables may be correlated with the error terms in the equations

in which they appear as independent variables",(ii) and (iv) only,(i) and (iii) only,"(i), (ii), and (iii) only","(i), (ii), (iii), and (iv)",C,True,0.24671753,0.23819456,0.32812688,0.18696107
Which one of the following statements best describes the algebraic representation of the fitted regression line?,\hat{y}_t = \hat{\alpha} + \hat{\beta}x_t + \hat{u}_t,\hat{y}_t = \hat{\alpha} + \hat{\beta}x_t,\hat{y}_t = \hat{\alpha} + \hat{\beta}x_t + u_t,y_t = \hat{\alpha} + \hat{\beta}x_t + \hat{u}_t,B,False,0.2413951,0.23396815,0.34242216,0.18221457
What are the dimensions of $\hat{u}^t \hat{u}?,T x k,T x 1,k x 1,1 x 1,D,False,0.14481139,0.19410531,0.52557594,0.13550736
"The characteristic roots of the MA process

$y_t = -3u_{t-1} + u_{t-2} + u_t$

are",1 and 2,1 and 0.5,2 and -0.5,1 and -3,B,False,0.24226074,0.2460758,0.3240929,0.18757059
"Which of the following is an equivalent expression for saying that the explanatory variable is ""non-stochastic""?",The explanatory variable is partly random,The explanatory variable is fixed in repeated samples,The explanatory variable is correlated with the errors,The explanatory variable always has a value of one,B,False,0.19286436,0.2372272,0.3918862,0.17802234
Suppose that the Durbin Watson test is applied to a regression containing two explanatory variables plus a constant with 50 data points. The test statistic takes a value of 1.53. What is the appropriate conclusion?,Residuals appear to be positively autocorrelated,Residuals appear to be negatively autocorrelated,Residuals appear not to be autocorrelated,The test result is inconclusive,D,False,0.22725065,0.23400688,0.3554268,0.18331572
"If OLS is used in the presence of autocorrelation, which of the following will be likely consequences?

i) Coefficient estimates may be misleading


ii) Hypothesis tests could reach the wrong conclusions


iii) Forecasts made from the model could be biased


iv) Standard errors may inappropriate",(ii) and (iv) only,(i) and (iii) only,"(i), (ii), and (iii) only","(i), (ii), (iii), and (iv)",A,False,0.24475287,0.24379864,0.33584684,0.1756016
What will be the properties of the OLS estimator in the presence of multicollinearity?,"It will be consistent, unbiased and efficient",It will be consistent and unbiased but not efficient,It will be consistent but not unbiased,It will not be consistent,A,False,0.16983037,0.24710174,0.42445913,0.15860878
Which one of the following would NOT be a consequence of using non-stationary data in levels form?,The regression $R^2$ may be spuriously high,Test statistics may not follow standard distributions,Statistical inferences may be invalid,Parameter estimates may be biased,D,False,0.1686825,0.24399774,0.40385875,0.18346111
"If a series, y, follows a random walk, what is the optimal one-step ahead forecast of y?",The current value of y,Zero,One,The average value of y over the in-sample period,A,False,0.19707981,0.22683747,0.41803363,0.15804909
The order condition is,A necessary and sufficient condition for identification,A necessary but not sufficient condition for identification,A sufficient but not necessary condition for identification,A condition that is nether necessary nor sufficient for identification,B,False,0.18368863,0.21898939,0.45286125,0.14446072
"If an estimator is said to have minimum variance, which of the following statements is NOT implied?",The probability that the estimate is a long way away from its true value is minimised,The estimator is efficient,"Such an estimator would be termed ""best""",Such an estimator will always be unbiased,D,False,0.14197508,0.24435455,0.44768462,0.16598567
"Which of the following are disadvantages of the Dickey-Fuller / Engle-Granger approach to testing for cointegration and modelling cointegrating relationships?

i) Only one cointegrating relationship can be estimated

ii) Particularly for small samples. There is a high chance of the tests suggestingthat variables are not cointegrated when they are

iii) It is not possible to make inferences on the cointegrating regression

iv) The procedure forces the researcher to specify which is the dependent variable and which are the independent variables.",(ii) and (iv) only,(i) and (iii) only,"(i), (ii), and (iii) only","(i), (ii), (iii), and (iv)",D,False,0.25595123,0.23997477,0.3123754,0.19169861
Which of the following statements is true concerning the population regression function (PRF) and sample regression function (SRF)?,The PRF is the estimated model,The PRF is used to infer likely values of the SRF,Whether the model is good can be determined by comparing the SRF and the PRF,The PRF is a description of the process thought to be generating the data.,D,False,0.18851112,0.25268048,0.3785782,0.18023023
"Which one of the following is a disadvantage of the general to specific or ""LSE"" (""Hendry"") approach to building econometric models, relative to the specific to general approach?",Some variables may be excluded at the first stage leading to coefficient biases,The final model may lack theoretical interpretation,The final model may be statistically inadequate,"If the initial model is mis-specified, all subsequent steps will be invalid.",B,False,0.21199052,0.24784201,0.35088122,0.18928622
"Which of the following statements are true concerning maximum likelihood (ML) estimation in the context of GARCH models?

i) Maximum likelihood estimation selects the parameter values that maximise the

probability that we would have actually observed the values of the series y that we

actually did.


ii) GARCH models can only be estimated by ML and not by OLS


iii) For estimation of a standard linear model (with no GARCH), the OLS and ML

estimates for the slope and intercept parameters will be identical but the estimator

for the variance of the disturbances is slightly different


iv) Most computer packages use numerical procedures to estimate GARCH models

rather than a set of analytical formulae",(ii) and (iv) only,(i) and (iii) only,"(i), (ii), and (iii) only","(i), (ii), (iii), and (iv)",D,False,0.24803738,0.24514766,0.3184863,0.1883287
Including relevant lagged values of the dependent variable on the right hand side of a regression equation could lead to which one of the following?,Biased but consistent coefficient estimates,Biased and inconsistent coefficient estimates,Unbiased but inconsistent coefficient estimates,Unbiased and consistent but inefficient coefficient estimates.,A,False,0.12943551,0.2564097,0.47903636,0.13511841
Which one of the following factors is likely to lead to a relatively high degree of out-of-sample forecast accuracy?,A model that is based on financial theory,A model that contains many variables,A model whose dependent variable has recently exhibited a structural change,A model that is entirely statistical in nature with no room for judgmental modification of forecasts,A,False,0.21481828,0.2419989,0.36613262,0.17705016
"Which of the following are plausible approaches to dealing with residual autocorrelation?

i) Take logarithms of each of the variables

ii) Add lagged values of the variables to the regression equation

iii) Use dummy variables to remove outlying observations

iv) Try a model in first differenced form rather than in levels.",(ii) and (iv) only,(i) and (iii) only,"(i), (ii), and (iii) only","(i), (ii), (iii), and (iv)",A,False,0.24362142,0.24457493,0.3271888,0.18461485
For an autoregressive process to be considered stationary,The roots of the characteristic equation must all lie inside the unit circle,The roots of the characteristic equation must all lie on the unit circle,The roots of the characteristic equation must all lie outside the unit circle,The roots of the characteristic equation must all be less than one in absolute value,C,True,0.22304592,0.24164164,0.3550368,0.18027566
"Which of the following statements are true concerning information criteria?

(i) Adjusted R-squared is an information criterion

(ii) If the residual sum of squares falls when an additional term is added, the value of the information criterion will fall

(iii) Akaike's information criterion always leads to model orders that are at least as large as those of Schwarz's information criterion

(iv) Akaike's information criterion is consistent",(ii) and (iv) only,(i) and (iii) only,"(i), (ii), and (iii) only","(i), (ii), (iii), and (iv)",B,False,0.2511699,0.23920034,0.32187924,0.1877505
"The ""within transform"" involves",Taking the average values of the variables,Subtracting the mean of each entity away from each observation on that entity,Estimating a panel data model using least squares dummy variables,Using both time dummies and cross-sectional dummies in a fixed effects panel model,B,False,0.16967067,0.24021049,0.44009224,0.15002657
"The purpose of ""augmenting"" the Dickey-Fuller test regression is to",Ensure that there is no heteroscedasticity in the test regression residuals.,Ensure that the test regression residuals are normally distributed,Ensure that there is no autocorrelation in the test regression residuals,Ensure that all of the non-stationarity is taken into account.,C,True,0.22004506,0.23932363,0.36208507,0.17854631
"If a series, y, follows a random walk with drift b, what is the optimal one-step ahead forecast of the change in y?",The current value of y,Zero,One,The average value of the change in y over the in-sample period,D,False,0.20045957,0.23619911,0.40100423,0.16233711
"Which of the following are plausible approaches to dealing with a model that exhibits heteroscedasticity?

i) Take logarithms of each of the variables

ii) Use suitably modified standard errors

iii) Use a generalised least squares procedure

iv) Add lagged values of the variables to the regression equation.",(ii) and (iv) only,(i) and (iii) only,"(i), (ii), and (iii) only","(i), (ii), (iii), and (iv)",C,True,0.245875,0.24780342,0.32573146,0.18059005
"Which of the following statements are true concerning the standardised residuals (residuals divided by their respective conditional standard deviations) from an estimated GARCH model?

i) They are assumed to be normally distributed


ii) Their squares will be related to their lagged squared values if the GARCH model is

appropriate


iii) In practice, they are likely to have fat tails


iv) If the GARCH model is adequate, the standardised residuals and the raw residuals

will be identical",(ii) and (iv) only,(i) and (iii) only,"(i), (ii), and (iii) only","(i), (ii), (iii), and (iv)",B,False,0.25228512,0.24120277,0.318296,0.18821616
Which one of the following statements is true concerning VARs?,The coefficient estimates have intuitive theoretical interpretations,The coefficient estimates usually have the same sign for all of the lags of a given variable in a given equation,VARs often produce better forecasts than simultaneous equation structural models,All of the components of a VAR must be stationary before it can be used for forecasting,C,True,0.20114009,0.25179392,0.36067814,0.18638785
Which of the following statements is INCORRECT concerning the classical hypothesis testing framework?,"If the null hypothesis is rejected, the alternative is accepted",The null hypothesis is the statement being tested while the alternative encompasses the remaining outcomes of interest,The test of significance and confidence interval approaches will always give the same conclusions,Hypothesis tests are used to make inferences about the population parameters.,A,False,0.19305329,0.266983,0.3564691,0.18349457
"An ARMA(p,q) (p, q are integers bigger than zero) model will have",An acf and pacf that both decline geometrically,An acf that declines geometrically and a pacf that is zero after p lags,An acf that declines geometrically and a pacf that is zero after q lags,An acf that is zero after p lags and a pacf that is zero after q lags,A,False,0.23234174,0.25319165,0.33805522,0.17641138
"Suppose that the following regression is estimated using 27 quarterly observations:

$y_t = \beta_1 + \beta_2 x_2 + \beta_3 x_{3t} + u_t$

What is the appropriate critical value for a 2-sided 5% size of test of $H_0: \beta_3 = 1$?",1.64,1.71,2.06,1.96,C,True,0.24027358,0.24984498,0.34016624,0.16971523
"Suppose that two researchers, using the same 3 variables and the same 250 observations on each variable, estimate a VAR. One estimates a VAR(6), while the other estimates a VAR(4). The determinants of the variance-covariance matrices of the residuals for each VAR are 0.0036 and 0.0049 respectively. What is the values of the test statistic for performing a test of whether the VAR(6) can be restricted to a VAR(4)?",77.07,0.31,0.33,4.87,A,False,0.2515626,0.23817468,0.3332663,0.17699638
Which of the following is a DISADVANTAGE of using pure time-series models (relative to structural models)?,They are not theoretically motivated,They cannot produce forecasts easily,They cannot be used for very high frequency data,It is difficult to determine the appropriate explanatory variables for use in pure time-series models,A,False,0.10472237,0.2622456,0.45489323,0.17813875
"Which of the following are alternative names for the dependent variable (usually denoted by y) in linear regression analysis?

(i) The regressand

(ii) The regressor

(iii) The explained variable

(iv) The explanatory variable",(ii) and (iv) only,(i) and (iii) only,"(i), (ii), and (iii) only","(i), (ii), (iii), and (iv)",B,False,0.2428801,0.23958208,0.35825312,0.15928467
"Which of the following are advantages of the VAR approach to modelling the relationship between variables relative to the estimation of full structural models?

i) VARs receive strong motivation from financial and economic theory


ii) VARs in their reduced forms can be used easily to produce time-series forecasts


iii) VAR models are typically highly parsimonious


iv) OLS can be applied separately to each equation in a reduced form VAR",(ii) and (iv) only,(i) and (iii) only,"(i), (ii), and (iii) only","(i), (ii), (iii), and (iv)",A,False,0.25009203,0.2428714,0.3186255,0.18841101
Which of the following statements is TRUE concerning the standard regression model?,y has a probability distribution,x has a probability distribution,The disturbance term is assumed to be correlated with x,"For an adequate model, the residual (u-hat) will be zero for all sample data points",A,False,0.1352891,0.24689828,0.4558928,0.16191985
"Consider the following model for $y_t$:

$y_t = \mu + \lambda t + u_t$

Which one of the following most accurately describes the process for $y_t$?",A unit root process,A stationary process,A deterministic trend process,A random walk with drift,C,True,0.22625683,0.2329835,0.37522662,0.16553304
Which of the following is correct concerning logit and probit models?,They use a different method of transforming the model so that the probabilities lie between zero and one,The logit model can result in too many observations falling at exactly zero or exactly one,"For the logit model, the marginal effect of a change in one of the explanatory variables is simply the estimate of the parameter attached to that variable, whereas this is not the case for the probit model",The probit model is based on a cumulative logistic function,A,False,0.22170871,0.24445242,0.35776633,0.17607248
What is the most important disadvantage of the diagonal VECH approach to building multivariate GARCH models that is overcome by the BEKK formulation?,The diagonal VECH model is hard to interpret intuitively,The diagonal VECH model contains too many parameters,The diagonal VECH model does not ensure a positive-definite variance-covariance matrix,The BEKK model reduces the dimensionality problem that arises when a number of series are modelled together.,C,True,0.24255341,0.23280619,0.33939323,0.18524711
"If a relevant variable is omitted from a regression equation, the consequences would be that:

i) The standard errors would be biased


ii) If the excluded variable is uncorrelated with all of the included variables, all of

the slope coefficients will be inconsistent.


iii) If the excluded variable is uncorrelated with all of the included variables, the

intercept coefficient will be inconsistent.


iv) If the excluded variable is uncorrelated with all of the included variables, all of

the slope and intercept coefficients will be consistent and unbiased but inefficient.",(ii) and (iv) only,(i) and (iii) only,"(i), (ii), and (iii) only","(i), (ii), (iii), and (iv)",C,True,0.2514465,0.24181372,0.32349488,0.18324497
"Which of the following are alternative names for the independent variable (usually denoted by x) in linear regression analysis?

(i) The regressor

(ii) The regressand

(iii) The causal variable

(iv) The effect variable",(ii) and (iv) only,(i) and (iii) only,"(i), (ii), and (iii) only","(i), (ii), (iii), and (iv)",B,False,0.23628746,0.24189088,0.36956063,0.15226099
"Consider the OLS estimator for the standard error of the slope coefficient. Which of the following statement(s) is (are) true?

(i) The standard error will be positively related to the residual variance

(ii) The standard error will be negatively related to the dispersion of the observations on the explanatory variable about their mean value

(iii) The standard error will be negatively related to the sample size

(iv) The standard error gives a measure of the precision of the coefficient estimate.",(ii) and (iv) only,(i) and (iii) only,"(i), (ii), and (iii) only","(i), (ii), (iii), and (iv)",D,False,0.24841657,0.24504337,0.32084766,0.18569238
"What is the meaning of the term ""heteroscedasticity""?",The variance of the errors is not constant,The variance of the dependent variable is not constant,The errors are not linearly independent of one another,The errors have non-zero mean,A,False,0.18862367,0.24362089,0.403235,0.16452049
"If a Durbin Watson statistic takes a value close to zero, what will be the value of the first order autocorrelation coefficient?",Close to zero,Close to plus one,Close to minus one,Close to either minus one or plus one,C,True,0.11752644,0.24590483,0.4948048,0.14176396
"Under the null hypothesis of a Bera-Jarque test, the distribution has",Zero skewness and zero kurtosis,Zero skewness and a kurtosis of three,Skewness of one and zero kurtosis,Skewness of one and kurtosis of three.,B,False,0.21865681,0.2546391,0.358398,0.16830616
"If an estimator is said to be consistent, it is implied that","On average, the estimated coefficient values will equal the true values",The OLS estimator is unbiased and no other unbiased estimator has a smaller variance,The estimates will converge upon the true values as the sample size increases,The coefficient estimates will be as close to their true values as possible for small and large samples.,C,True,0.20854712,0.25551727,0.359634,0.17630161
Which of the following is a typical characteristic of financial asset return time-series?,Their distributions are thin-tailed,They are not weakly stationary,They are highly autocorrelated,They have no trend,D,False,0.11000663,0.18567136,0.5608463,0.1434757
"Which of the following assumptions are required to show the consistency, unbiasedness and efficiency of the OLS estimator?

i) $E(u_t) = 0$


ii) $\text{Var}(u_t) = \sigma^2$


iii) $\text{Cov}(u_t, u_{t-j}) = 0 \forall j$


iv) $u_t \sim N(0, \sigma^2)$",(ii) and (iv) only,(i) and (iii) only,"(i), (ii), and (iii) only","(i), (ii), (iii), and (iv)",C,True,0.24967365,0.23546466,0.33076385,0.18409781
Which of the following is a disadvantage of the fixed effects approach to estimating a panel model?,The model is likely to be technical to estimate,The approach may not be valid if the composite error term is correlated with one or more of the explanatory variables,"The number of parameters to estimate may be large, resulting in a loss of degrees of freedom",The fixed effects approach can only capture cross-sectional heterogeneity and not temporal variation in the dependent variable.,C,True,0.22192113,0.24373268,0.35462895,0.1797172
"Consider an identical situation to that of question 21, except that now a 2-sided alternative is used. What would now be the appropriate conclusion?",H0 is rejected,H0 is not rejected,H1 is rejected,There is insufficient information given in the question to reach a conclusion,A,False,0.23939526,0.24651255,0.33826146,0.17583081
The price of a house is best described as what type of number?,Discrete,Cardinal,Ordinal,Nominal,B,False,0.21876408,0.22004968,0.37946987,0.18171638
"If a Johansen ""trace"" test for a null hypothesis of 2 cointegrating vectors is applied to a system containing 4 variables is conducted, which eigenvalues would be used in the test?",All of them,The largest 2,The smallest 2,The second largest,C,True,0.2181765,0.23406923,0.36968383,0.17807047
"Which of the following statements is true concerning variance decomposition analysis of VARs?

i) Variance decompositions measure the impact of a unit shock to each of the variables on the VAR

ii) Variance decompositions can be thought of as measuring the proportion of the forecast error variance that is attributable to each variable

iii) The ordering of the variables is important for calculating impulse responses but not variance decompositions

iv) It is usual that most of the forecast error variance for a given variable is attributable to shocks to that variable",(ii) and (iv) only,(i) and (iii) only,"(i), (ii), and (iii) only","(i), (ii), (iii), and (iv)",A,False,0.251299,0.2388563,0.31829274,0.19155194
"Suppose that we have estimated a GARCH model for daily equity returns, and we are interested in producing a 10-day forecast of the volatility (measured by the standard deviation of returns) for use in a value at risk model. How could such a forecast most validly be calculated?","Produce 1, 2, 3, ..., 10 step ahead conditional variance forecasts and add them up","Produce 1, 2, 3, ..., 10 step ahead conditional variance forecasts and add them up and take the square root","Produce 1, 2, 3, ..., 10 step ahead conditional variance forecasts, take the square roots of each one and add them up","Produce a 1-step ahead conditional variance forecast, take its square root and multiply it by the square root of 10",B,False,0.24734603,0.249286,0.32134235,0.18202566
"Suppose that the value of $R^2$ for an estimated regression model is exactly zero. Which of the following are true?

i) All coefficient estimates on the slopes will be zero

ii) The fitted line will be horizontal with respect to all of the explanatory variables

iii) The regression line has not explained any of the variability of y about its mean value

iv) The intercept coefficient estimate must be zero.",(ii) and (iv) only,(i) and (iii) only,"(i), (ii), and (iii) only","(i), (ii), (iii), and (iv)",C,True,0.25348866,0.24568962,0.31608847,0.18473324
"A white noise process will have

(i) A zero mean

(ii) A constant variance

(iii) Autocovariances that are constant

(iv) Autocovariances that are zero except at lag zero",(ii) and (iv) only,(i) and (iii) only,"(i), (ii), and (iii) only","(i), (ii), (iii), and (iv)",A,False,0.23210111,0.24998271,0.35808372,0.15983246
"Which of the following statements are true concerning the Box-Jenkins approach to diagnostic testing for ARMA models?

(i) The tests will show whether the identified model is either too large or too small

(ii) The tests involve checking the model residuals for autocorrelation, heteroscedasticity, and non-normality

(iii) If the model suggested at the identification stage is appropriate, the acf and pacf for the residuals should show no additional structure

(iv) If the model suggested at the identification stage is appropriate, the coefficients on the additional variables under the overfitting approach will be statistically insignificant",(ii) and (iv) only,(i) and (iii) only,"(i), (ii), and (iii) only","(i), (ii), (iii), and (iv)",A,False,0.25269413,0.24253939,0.30719793,0.19756863
Which one of the following would be a plausible response to a finding of residual non-normality?,Use a logarithmic functional form instead of a linear one,Add lags of the variables on the right hand side of the regression model,Estimate the model in first differenced form,Remove any large outliers from the data.,D,False,0.15207575,0.24926573,0.42734087,0.17131765
The fixed effects panel model is also sometimes known as,A seemingly unrelated regression model,The least squares dummy variables approach,The random effects model,Heteroscedasticity and autocorrelation consistent,B,False,0.16680187,0.18790703,0.48171544,0.16357563
Which of the following statements is TRUE concerning OLS estimation?,OLS minimises the sum of the vertical distances from the points to the line,OLS minimises the sum of the squares of the vertical distances from the points to the line,OLS minimises the sum of the horizontal distances from the points to the line,OLS minimises the sum of the squares of the horizontal distances from the points to the line.,B,False,0.1797002,0.2490022,0.39403751,0.17726007
"If the standard tools for time-series analysis, such as estimation of the acf, pacf and spectral analysis, find no evidence of structure in the data, this implies that the data are which of the following?",Normally distributed,Uncorrelated,Independent,Fat-tailed,B,False,0.1951372,0.2211194,0.41715944,0.16658401
"If two variables, $x_t$ and $y_t$ are said to be cointegrated, which of the following statements are true?

i) $x_t$ and $y_t$ must both be stationary


ii) Only one linear combination of $x_t$ and $y_t$ will be stationary


iii) The cointegrating equation for $x_t$ and $y_t$ describes the short-run relationship

between the two series


iv) The residuals of a regression of $y_t$ on $x_t$ must be stationary",(ii) and (iv) only,(i) and (iii) only,"(i), (ii), and (iii) only","(i), (ii), (iii), and (iv)",A,False,0.2569957,0.2404839,0.31921226,0.18330818
A dependent variable whose values are not observable outside a certain range but where the corresponding values of the independent variables are still available would be most accurately described as what kind of variable?,Censored,Truncated,Multinomial variable,Discrete choice,A,False,0.2172885,0.21350235,0.39731982,0.17188935
A Hausman test would be used for,Determining whether an equation that is part of a simultaneous system is identified,Determining whether a simultaneous framework is needed for a particular variable,Determining whether 2SLS or ILS is optimal,Determining whether the structural form equations can be obtained via substitution from the reduced forms,B,False,0.08948889,0.19168115,0.5503315,0.16849852
"Under the matrix notation for the classical linear regression model, $y = X \beta + u$, what are the dimensions of $u$?",T x k,T x 1,k x 1,1 x 1,B,False,0.21460465,0.2380101,0.37959692,0.16778842
"How many parameters will be required to be estimated in total for all equations of a standard form, unrestricted, tri-variate VAR(4), ignoring the intercepts?",12,4,3,36,D,False,0.20017992,0.2405217,0.39655325,0.16274512
"A researcher tests for structural stability in the following regression model:

$y_t = \beta_1 + \beta_2 x_{2t} + \beta_3 x_{3t} + u_t$

The total sample of 200 observations is split exactly in half for the sub-sample regressions. Which would be the unrestricted residual sum of squares?",The RSS for the whole sample,The RSS for the first sub-sample,The RSS for the second sub-sample,The sum of the RSS for the first and second sub-samples,D,False,0.24689348,0.2557277,0.31210262,0.1852762
"Suppose that we are interested in testing the null hypothesis that a GARCH(2,2) model can be restricted to a process with a constant conditional variance using the likelihood ratio test approach. Which of the following statements are true?",The test statistic will follow a chi-squared distribution with 2 degrees of freedom under the null hypothesis,The value of the log-likelihood function will almost always be bigger for the restricted model than for the unrestricted model,"If the relevant values of the log-likelihood functions are -112.3 and -118.4, the value of the test statistic is 12.2",The likelihood ratio test compares the slopes of the log-likelihood function at the maximum and at the restricted parameter value.,C,True,0.23474933,0.24220106,0.34022665,0.18282296
Which one of the following is NOT a plausible remedy for near multicollinearity?,Use principal components analysis,Drop one of the collinear variables,Use a longer run of data,Take logarithms of each of the variables,D,False,0.09741663,0.22917038,0.5225311,0.15088183
"Consider the following AR(2) process:

yt = 1.5 yt-1 - 0.5 yt-2 + ut

This is a",Stationary process,Unit root process,Explosive process,Stationary and unit root process,B,False,0.17260382,0.2560903,0.4156756,0.15563029
Which of the following could be used as a test for autocorrelation up to third order?,The Durbin Watson test,White's test,The RESET test,The Breusch-Godfrey test,D,False,0.03164327,0.1291243,0.79098225,0.04825023
The residual from a standard regression model is defined as,"The difference between the actual value, y, and the mean, y-bar","The difference between the fitted value, y-hat, and the mean, y-bar","The difference between the actual value, y, and the fitted value, y-hat","The square of the difference between the fitted value, y-hat, and the mean, y-bar",C,True,0.22961295,0.24489957,0.35148826,0.17399931
"If OLS is applied separately to each equation that is part of a simultaneous system, the resulting estimates will be",Unbiased and consistent,Biased but consistent,Biased and inconsistent,It is impossible to apply OLS to equations that are part of a simultaneous system,C,True,0.20796072,0.2431307,0.36928472,0.17962383
Which one of the following is NOT an example of mis-specification of functional form?,Using a linear specification when y scales as a function of the squares of x,Using a linear specification when a double-logarithmic model would be more appropriate,Modelling y as a function of x when in fact it scales as a function of 1/x,Excluding a relevant variable from a linear regression model,D,False,0.21786766,0.24543408,0.3550182,0.18168005
Suppose that we wished to evaluate the factors that affected the probability that an investor would choose an equity fund rather than a bond fund or a cash investment. Which class of model would be most appropriate?,A logit model,A multinomial logit,A tobit model,An ordered logit model,B,False,0.22670346,0.22275327,0.38338262,0.16716066
"Which of the following statements will be true if the number of replications used in a Monte Carlo study is small?

i) The statistic of interest may be estimated imprecisely


ii) The results may be affected by unrepresentative combinations of random draws


iii) The standard errors on the estimated quantities may be unacceptably large


iv) Variance reduction techniques can be used to reduce the standard errors",(ii) and (iv) only,(i) and (iii) only,"(i), (ii), and (iv) only","(i), (ii), (iii), and (iv)",D,False,0.25010657,0.24574858,0.31864405,0.18550077
Which of the following is a disadvantage of the random effects approach to estimating a panel model?,The approach may not be valid if the composite error term is correlated with one or more of the explanatory variables,"The number of parameters to estimate may be large, resulting in a loss of degrees of freedom",The random effects approach can only capture cross-sectional heterogeneity and not temporal variation in the dependent variable.,All of (a) to (c) are potential disadvantages of the random effects approach.,A,False,0.21339804,0.24418467,0.36584935,0.17656799
"Which of the following could result in autocorrelated residuals?

i) Slowness of response of the dependent variable to changes in the values of the independent variables

ii) Over-reactions of the dependent variable to changes in the independent variables

iii) Omission of relevant explanatory variables that are autocorrelated

iv) Outliers in the data",(ii) and (iv) only,(i) and (iii) only,"(i), (ii), and (iii) only","(i), (ii), (iii), and (iv)",C,True,0.25185284,0.23844945,0.33040833,0.17928939
"Which of the following statements are true concerning the acf and pacf?

(i) The acf and pacf are often hard to interpret in practice

(ii) The acf and pacf can be difficult to calculate for some data sets

(iii) Information criteria represent an alternative approach to model order determination

(iv) If applied correctly, the acf and pacf will always deliver unique model selections",(ii) and (iv) only,(i) and (iii) only,"(i), (ii), and (iii) only","(i), (ii), (iii), and (iv)",C,True,0.25608373,0.24340414,0.31131864,0.18919346
"Which of the following conditions are necessary for a series to be classifiable as a weakly stationary process?

(i) It must have a constant mean

(ii) It must have a constant variance

(iii) It must have constant autocovariances for given lags

(iv) It must have a constant probability distribution",(ii) and (iv) only,(i) and (iii) only,"(i), (ii), and (iii) only","(i), (ii), (iii), and (iv)",C,True,0.24397625,0.24397625,0.3400532,0.17199431
"Consider the following equation and determine the class of model that it best represents

$y_{it} = \alpha + \beta_{it} + \mu_i + \nu_{it}$",An entity fixed effects model,A time fixed effects model,A random effects model,A pure time series model,A,False,0.20934102,0.2505484,0.37611768,0.16399303
"Note that statistical tables are not necessary to answer this question. For a sample of 1000 observations, the Dickey-Fuller test statistic values are",More negative than (i.e. bigger in absolute value than) those in the left hand tail of a normal distribution,Less negative than (i.e. smaller in absolute value than) those in the left hand tail of a normal distribution,Obtained from an analytical formula for the density of the Dickey-Fuller distribution,More negative (i.e. bigger in absolute value) for a 10% size of test than a 5% test.,A,False,0.23928784,0.23835494,0.33744994,0.18490732
"Suppose that a hypothesis test is conducted using a 5% significance level. Which of the following statements are correct?

(i) The significance level is equal to the size of the test

(ii) The significance level is equal to the power of the test

(iii) 2.5% of the total distribution will be in each tail rejection region for a 2-sided test

(iv) 5% of the total distribution will be in each tail rejection region for a 2-sided test.",(ii) and (iv) only,(i) and (iii) only,"(i), (ii), and (iii) only","(i), (ii), (iii), and (iv)",B,False,0.252483,0.2471164,0.3105594,0.18984114
Which one of the following criticisms of the Dickey-Fuller/Engle-Granger approach to dealing with cointegrated variables is overcome by the Engle-Yoo (EY) procedure?,"In the context of small samples, Dickey Fuller tests are prone to conclude that there is a unit root in a series when there is not",The Engle-Granger (EG) approach can only detect up to one cointegrating relationship even though there could be more than one,The variables are treated asymmetrically in the cointegrating tests,It is not possible to perform tests about the cointegrating relationship,D,False,0.2553161,0.23566805,0.3214915,0.18752435
Consider a series that follows an MA(1) with zero mean and a moving average coefficient of 0.4. What is the value of the autocovariance at lag 1?,0.4,1,0.34,It is not possible to determine the value of the autocovariances without knowing the disturbance variance.,D,False,0.20612662,0.23864451,0.38434383,0.17088498
"Which of the following estimation techniques are available for the estimation of over-identified systems of simultaneous equations?

i) OLS

ii) ILS

iii) 2SLS

iv) IV",(iii) only,(iii) and (iv) only,"(ii), (iii), and (iv) only","(i), (ii), (iii) and (iv)",B,False,0.22565067,0.25420186,0.36626717,0.15388037
Which one of the following statements best describes a Type II error?,It is the probability of incorrectly rejecting the null hypothesis,It is equivalent to the power of the test,It is equivalent to the size of the test,It is the probability of failing to reject a null hypothesis that was wrong,D,False,0.10498609,0.20475139,0.55008775,0.1401748
Which one of the following would be the most appropriate as a 95% (two-sided) confidence interval for the intercept term of the model given in question 21?,"(-4.79,2.19)","(-4.16,4.16)","(-1.98,1.98)","(-5.46,2.86)",D,False,0.1862297,0.2471966,0.39734042,0.16923322
"Which of the following are characteristics of a stationary process?

i) It crosses its mean value frequently


ii) It has constant mean and variance


iii) It contains no trend component


iv) It will be stationary in first difference form",(ii) and (iv) only,(i) and (iii) only,"(i), (ii), and (iii) only","(i), (ii), (iii), and (iv)",D,False,0.2208313,0.25517008,0.36337885,0.16061975
Consider again the VAR model of equation 16. Which of the following conditions must hold for it to be said that there is bi-directional feedback?,The b and d coefficients significant and the a and c coefficients insignificant,The a and c coefficients significant and the b and d coefficients insignificant,The a and c coefficients significant,The b and d coefficients significant,D,False,0.19254763,0.2596077,0.37625438,0.17159022
"Consider the following sample autocorrelation estimates obtained using 250 data points:

1) Lag 1 2 3

2) Coefficient 0.2 -0.15 -0.1

3) Assuming that the coefficients are approximately normally distributed, which of the coefficients are statistically significant at the 5% level?",1 only,1 and 2 only,"1, 2 and 3 only",It is not possible to determine the statistical significance since no standard errors have been given,B,False,0.23299398,0.25291258,0.33440095,0.17969248
Which one of the following is examined by looking at a goodness of fit statistic?,How well the population regression function fits the data,How well the sample regression function fits the population regression function,How well the sample regression function fits the data,How well the population regression function fits the sample regression function.,C,True,0.048153933,0.20673425,0.6318308,0.11328102
"Which of the following statements are correct concerning the use of antithetic variates as part of a Monte Carlo experiment?

i) Antithetic variates work by reducing the number of replications required to cover the whole probability space

ii) Antithetic variates involve employing a similar variable to that used in the simulation, but whose properties are known analytically

iii) Antithetic variates involve using the negative of each of the random draws and repeating the experiment using those values as the draws

iv) Antithetic variates involve taking one over each of the random draws and repeating the experiment using those values as the draws",(ii) and (iv) only,(i) and (iii) only,"(i), (ii), and (iv) only","(i), (ii), (iii), and (iv)",B,False,0.25536647,0.23525463,0.32218358,0.18719535
Which one of the following statements is true concerning alternative forecast accuracy measures?,Mean squared error is usually highly correlated with trading rule profitability,Mean absolute error provides a quadratic loss function,Mean absolute percentage error is a useful measure for evaluating asset return forecasts,Mean squared error penalises large forecast errors disproportionately more than small forecast errors,D,False,0.13484654,0.2470538,0.4579654,0.16013424
"Which of the following criticisms of standard (""plain vanilla"") GARCH models can be overcome by EGARCH models?

i) Estimated coefficient values from GARCH models may be negative

ii) GARCH models cannot account for leverage effects

iii) The responsiveness of future volatility to positive and negative shocks is symmetric under a GARCH formulation

iv) GARCH models cannot allow for a feedback from the volatility to the returns",(ii) and (iv) only,(i) and (iii) only,"(i), (ii), and (iii) only","(i), (ii), (iii), and (iv)",C,True,0.25817615,0.23461337,0.31942827,0.18778218
"Suppose that 100 separate firms were tested to determine how many of them ""beat the market"" using a Jensen-type regression, and it is found that 3 fund managers significantly do so. Does this suggest prima facie evidence for stock market inefficiency?",Yes,No,"In order to answer this question, you would need to test every fund manager trading in that market",There is insufficient information given in the question to draw a conclusion about market efficiency.,B,False,0.24824747,0.24583499,0.32251346,0.18340407
"Which of the following are advantages of the use of panel data over pure cross-sectional or pure time-series modelling?

(i) The use of panel data can increase the number of degrees of freedom and therefore the power of tests

(ii) The use of panel data allows the average value of the dependent variable to vary either cross-sectionally or over time or both

(iii) The use of panel data enables the researcher allows the estimated relationship between the independent and dependent variables to vary either cross-sectionally or over time or both",(i) only,(i) and (ii) only,(ii) only,"(i), (ii), and (iii)",B,False,0.24431765,0.23959212,0.32876533,0.18732485
"If the Engle-Granger test is applied to the residuals of a potentially cointegrating regression, what would be the interpretation of the null hypothesis?",The variables are cointegrated,The variables are not cointegrated,Both variables are stationary,Both variables are non-stationary,B,False,0.20320038,0.2175768,0.42433393,0.15488891
"Which of the following statements are true concerning the autocorrelation function (acf) and partial autocorrelation function (pacf)?

i) The acf and pacf will always be identical at lag one whatever the model

ii) The pacf for an MA(q) model will in general be non-zero beyond lag q

iii) The pacf for an AR(p) model will be zero beyond lag p

iv) The acf and pacf will be the same at lag two for an MA(1) model",(ii) and (iv) only,(i) and (iii) only,"(i), (ii), and (iii) only","(i), (ii), (iii), and (iv)",C,True,0.24921392,0.23873231,0.32503623,0.18701752
