0,1,2,3,4,5,MOSS-7B-A800-FlashAttnSparse-0-LocalSlide3-Mixed_correct,MOSS-7B-A800-FlashAttnSparse-0-LocalSlide3-Mixed_choiceA_probs,MOSS-7B-A800-FlashAttnSparse-0-LocalSlide3-Mixed_choiceB_probs,MOSS-7B-A800-FlashAttnSparse-0-LocalSlide3-Mixed_choiceC_probs,MOSS-7B-A800-FlashAttnSparse-0-LocalSlide3-Mixed_choiceD_probs
Aesthetics deals with objects that are_____.,essential to our existence,unimportant to most people,not essential to our existence,rarely viewed,C,True,0.22509147,0.24721463,0.35204977,0.17564414
"For Socrates, an unexamined life is a tragedy because it results in grievous harm to _____.",the state,the justice system,the body,the soul,D,False,0.24438503,0.24678327,0.31998566,0.1888461
"According to Kant, nothing can be called “good” without qualification except _____.",right action,good consequences,happiness,a good will,D,False,0.23641956,0.24776556,0.32695636,0.18885861
Plato's view is that true beauty is _____.,found in everyday objects,nonexistent,everywhere in the natural world,not of this world,D,False,0.23318869,0.24533613,0.33664718,0.18482809
"In Aristotle’s terminology, incontinence is when:",one does not know that one’s actions are wrong.,"one knows that one’s actions are wrong, but does them anyway.","one knows that one’s feelings are inappropriate, and does not act on them.","one does the right action, but for the wrong reason.",B,False,0.24095793,0.2595219,0.30400503,0.19551517
Nagel claims that most skeptical arguments:,are the result of applying arbitrarily stringent standards.,are based on linguistic confusions.,are logically self-refuting.,grow from the consistent application of ordinary standards.,D,False,0.2512737,0.2512737,0.3066667,0.19078594
Rawls conceives of the original contract as one to:,enter a particular society.,set up a particular form of government.,establish the principles of justice for the basic structure of society.,establish the content of morality.,C,True,0.24585904,0.24778733,0.31262136,0.19373226
"According to Singer, compliance with his principle requires:","modest changes to our personal habits, but not to our society as a whole.","modest changes to our personal habits, as well as to society.","drastic changes to our personal habits, but not to our society.",drastic changes to both our personal habits and to our society.,D,False,0.24772009,0.2501511,0.3076911,0.19443773
"For Socrates, the soul is harmed by lack of _____.",knowledge,wealth,community,courage,A,False,0.24721557,0.24054734,0.32306024,0.1891769
"According to Kant, morality requires us to:",perform the action that leads to the greatest total happiness.,act only on maxims that we can will to become universal laws.,behave only in such a way as a perfectly virtuous person would behave.,place the interests of others above the interests of ourselves.,B,False,0.2462014,0.25007853,0.31122774,0.19249232
"According to Gauthier, the basis of morality is:",maximizing the utility of all sentient beings.,God’s commands.,the agreement of rational persons choosing the terms of their interaction.,the purposive order of nature.,C,True,0.24726896,0.24248633,0.3224995,0.18774526
Anscombe claims that it is not profitable to do moral philosophy until we have an adequate philosophy of:,religion.,physics.,psychology.,art.,C,True,0.24546294,0.2517752,0.3066792,0.19608271
Mill claims that one of the strongest objections to utilitarianism is drawn from the idea of:,duty.,justice.,virtue.,supererogation.,B,False,0.24805339,0.2495111,0.31112865,0.19130678
Berkeley asserts that existing and perceiving are _____.,one and the same thing,both nonexistent,two distinct things,imaginary,A,False,0.24886891,0.24262953,0.3176871,0.19081442
"According to Rawls, the term “justice as fairness” conveys the idea that the principles of justice are agreed to in an initial position that is _____.",rational,artificial,constitutional,fair,D,False,0.24495922,0.23419867,0.32706347,0.19377871
Berkeley believes that sensible things cannot exist except in _____.,a mind,absolute existence,material substance,a material universe,A,False,0.23658413,0.23797444,0.34154907,0.18389238
Singer claims that his argument upsets the traditional distinction between:,duty and charity.,egoism and altruism.,rights and privileges.,positive and negative rights.,A,False,0.24279994,0.24758874,0.31977844,0.18983287
" In his discussion of the Divided Line, Plato says that, in contrast to mere belief or opinion, knowledge is a belief for which we give reasons or justifications by appealing:","to what our senses reveal to us about how things appear to us, not how they  really are.","beyond the Forms to images of goodness, beauty, and truth obtained from particular objects.",to what we sincerely believe is true about the Forms based on our experiences in the world.,beyond sense experience to unchanging ideas (Forms) that are perceived as rationally ordered.,D,False,0.239153,0.25507477,0.3082804,0.19749184
What was Clarence Darrow's belief about life's meaning?,Life was not worthwhile.,Life was hard but worthwhile.,Life was uncertain but ultimately rewarding.,Life was meaningful for most people.,A,False,0.24444596,0.2526986,0.30720335,0.19565208
Stevenson’s primary aim in this paper is to:,provide an account of what makes right actions right.,establish which things are good in themselves.,develop a theory of good moral character.,make ethical questions clear.,D,False,0.24828877,0.24635658,0.3138664,0.19148831
"According to Moore, we are thinking about good whenever we think about:",pleasure.,things that we desire.,intrinsic value.,none of the above.,C,True,0.24390008,0.24629359,0.3168655,0.19294085
Baier argues that genuine moral rules:,must be for the good of human beings.,make take into account the interests of all sentient beings.,must take into account the interests of all living beings.,are primarily directed toward promoting self-interest.,A,False,0.24473773,0.25250652,0.30877382,0.19398198
"Nussbaum claims that to many current ethical theorists, turning to an ethical approach based on the virtues is connected with a turn toward:",rationalism.,empiricism.,relativism.,absolutism.,C,True,0.2407305,0.24692105,0.31891608,0.19343239
Philosophy is concerned primarily with identifying beliefs about human existence and evaluating arguments that support those beliefs.  These activities can be summarized in two questions that drive philosophical investigations:,why should we bother? and what are the consequences of our believing one thing over another?,what do you mean? and how do you know?,who really believes X? and how can we explain differences in people's beliefs?,how do philosophers argue? and are their differences important?,B,False,0.24150139,0.2545786,0.30948886,0.1944312
Epictetus claims that things within our power are __________ and things not in our power are __________.,free and unhindered; free and unhindered,free and unhindered; servile and subject to hindrance,servile and subject to hindrance; free and unhindered,servile and subject to hindrance; servile and subject to hindrance,B,False,0.2493812,0.24503586,0.3158637,0.18971923
Hume divides our perceptions into two categories:,sensations and emotions.,impressions and ideas.,static and dynamic.,simple and complex.,B,False,0.23213908,0.24807793,0.33252388,0.18725906
"Aristotle says  that what makes things be what they are--their essence--does not exist apart from individ-uals that exist in the world.  So if all the members of a species were destroyed, then their essence or form:",would likewise be destroyed.,would be destroyed only if there were no one around to remember the species.,would continue existing (as with Plato's Forms) in some other realm of being.,"would not be destroyed because there was no essence or form originally to be destroyed; there are only individuals, not universal essences or natures of things.",A,False,0.23161252,0.26091808,0.31166872,0.19580066
"According to Socrates, an unexamined life is not worth living; and it certainly could not be a virtuous life.  Why not?","Because if someone did not know how to act virtuously, he or she would still be considered virtuous by others who also did not know the principles for good living.","Because since Socrates was a philosopher, he of course thought that people who examined their lives philosophically were more virtuous than those who did not.","Because without knowing the rationale for why one should act in a particular way, one does not know whether actions are justified and ought to be repeated.","Because a virtuous life would be one in which someone does what the rest of the society says is right, and that means examining views other than one's own.",C,True,0.22417751,0.27040967,0.3064143,0.19899854
"""There is no rationale for myth because it is through myth that reason itself is defined.""  This means that:","mythos is ultimately based on logos, just as myth is ultimately based on reasoning or thinking.","myth does not ""explain"" how things are related as much as it simply reveals them as related.",metaphysicians are justified in reasoning as they do because there is only one true answer about being.,"myth and reason are the same: ""myth"" defines ""reason,"" and ""reason"" defines ""myth.""",B,False,0.23917598,0.25609767,0.3095167,0.19520974
"According to Epicurus, a law is unjust when:",it is not in accordance with natural law.,it is not in accordance with the traditions of society.,it is offensive to the gods.,it is not beneficial to those it affects.,D,False,0.24337721,0.25356704,0.3082591,0.19479667
Leo Tolstoy says that art is _____.,expression,form,representation,abstract,A,False,0.25228596,0.23746407,0.31643748,0.19381253
Aquinas holds that the last end of man is:,pleasure.,happiness or beatitude.,the satisfaction of desire.,freedom from anxiety.,B,False,0.24121252,0.25033194,0.32206097,0.1863946
"According to Kant, the supreme principle of morality is:",analytic and a priori.,analytic and a posteriori.,synthetic and a priori.,synthetic and a posteriori.,C,True,0.2511663,0.24678986,0.31319264,0.18885115
Epicurus claims that all other virtues spring from:,prudence.,temperance.,justice.,courage.,A,False,0.23698276,0.25079304,0.323285,0.18893915
"According to Butler, it is impossible to:",approve of the actions of others without imitating them.,do something of which one does not oneself approve.,be motivated by genuine benevolence.,do that which is good and not to approve of it.,D,False,0.24458571,0.25333735,0.30439183,0.19768506
"The systematic use of critical reasoning to try to find answers to fundamental questions about reality, morality, and knowledge is called _____.",the argumentative method,the philosophical method,propositional logic,syllogistic reasoning,B,False,0.25927696,0.23241436,0.31335914,0.1949495
"According to Mill, to determine whether one pleasure is more valuable than another, we must _____.",determine which one is objectively most pleasurable,determine which pleasure most experienced people prefer,consult philosophers of the past,consult science,B,False,0.25010684,0.24671069,0.30763668,0.19554576
"According to Hobbes, the definition of injustice is _____.",disobedience to a sovereign,disobedience to God's law,failure to abide by a contract,failure to respect inherent rights,C,True,0.24368031,0.24511231,0.3272679,0.18393955
Kant claims that the natural purpose of reason is to:,produce happiness.,produce pleasure.,produce knowledge.,produce a good will.,D,False,0.24886592,0.252785,0.3079092,0.19043982
Hare claims that the two essential features of the logic of moral judgments are:,consequentialism and hedonism.,universalizability and prescriptivity.,contractualism and rule-following.,consistency and coherence.,B,False,0.25585926,0.24271625,0.31532753,0.18609701
Mill defines “utility” as:,usefulness for some craft.,usefulness to society.,pleasure and the absence of pain.,it promotes the interests of all and does not harm anyone.,C,True,0.24536654,0.2506951,0.31690833,0.18702994
"To Kant, making a lying promise would be wrong because _____.",lying to people can cause them harm,lying to people harms society,you could not consistently will that everyone should make lying promises,most people condemn the practice,C,True,0.24562925,0.25691497,0.30390462,0.19355118
How does Stevenson respond to the objection that his theory does not account for the kind of goodness that is objective and is known a priori?,He claims to have proven that such a property does not exist.,He claims to have offered an account of just such a property.,He claims he does not understand such a property.,None of the above.,C,True,0.24576235,0.25159043,0.31494936,0.1876979
Wolf claims that interpreting Kant’s ethics so that it consists of a finite set of constraints:,yields an unattractive picture of moral sainthood.,implausibly places an “upper bound” on moral worthiness.,yields a theory that is too demanding.,transforms the theory into a form of contractarianism.,B,False,0.24913538,0.2525649,0.30465144,0.19364823
The famous statement “An unexamined life is not worth living” is attributed to _____.,Aristotle,John Locke,Socrates,Plato,C,True,0.2506396,0.2424542,0.32245678,0.18444943
Paley maintains that the key difference between the “contrivance” of a watch and that of nature is that the latter is _____.,simpler,more natural,older,greater and grander,D,False,0.24076118,0.24503072,0.32779855,0.18640955
"Concerning the relationship between morality and theology, Bentham claims that:",we must first know whether something is right before we can know whether it conforms to God’s will.,we must first know whether something conforms to God’s will before we can know that it is right.,"God exists, but does not concern himself with matters of morality.",God does not exist.,A,False,0.24519135,0.25645694,0.30514556,0.19320615
"For the soft determinist, to say that you could have done otherwise is to say that you would have done otherwise if _____.",your desires were always the same,your desires were completely under your control,your desires had been different,your desires played no role in your decisions,C,True,0.24138902,0.25545606,0.30994964,0.19320534
"According to Ross, our prima facie duties:",can be proven.,are self-evident.,cannot be known.,are not objective.,B,False,0.23912169,0.25157818,0.31678477,0.19251531
"According to Rawls, behind the veil of ignorance, the principles of justice are _____.",the result of coercion,impractical,chosen arbitrarily,the result of a fair agreement or bargain,D,False,0.24656673,0.23944788,0.32158363,0.19240177
"In Aquinas’s view, man’s ultimate happiness consists in:",pleasure,acts of the moral virtues.,loving God.,contemplating God.,D,False,0.24492387,0.24732742,0.3206912,0.18705752
Taurek claims that if faced with the choice between saving the life of X or the arm of Y:,Y is obligated to choose saving the life of X.,we are obligated to choose saving the life of X.,both a and b.,neither a nor b.,D,False,0.24731128,0.25169697,0.30838558,0.19260621
Wolf argues that the unattractiveness of the moral saint:,gives us reason to abandon utilitarianism.,gives us reason to abandon Kantianism.,both a and b.,neither a nor b.,D,False,0.24587274,0.24587274,0.3219336,0.18632087
"Plato's suggestion that knowledge is innate or remembered as a result of being triggered by experience is in response to a paradox he sets up for himself.  The paradox, now referred to as Meno's Paradox, has to do with the question of:",how a person can remember anything about the realm of the Forms after the shock of being born into this world.,how knowledge of the Forms can ever be anything other than a generalization of experience.,how anyone can recognize the correct answer to a question without already knowing the answer.,how concepts bound to the realm of becoming have meaning only when associated with the realm of Being.,C,True,0.23846586,0.2563367,0.30980557,0.19539194
Gauthier claims that there is nothing for practical rationality to be besides:,moral justification.,deliberative justification.,epistemic justification.,an illusion.,B,False,0.25256863,0.24575602,0.30764565,0.19402969
"Socrates' claim that ""the unexamined life is not worth living"" is often cited as a central theme in the activities of people.  By it, Socrates is typically understood to mean that:","it is sometimes simply not worth all the effort of examining life and its problems in great detail; sometimes it is better simply to ""go with the flow.""","while taking a reflective attitude toward life is interesting and even sometimes important, most of what makes life worth living is not worth examining.","simply doing whatever everyone else does without thinking about why we should do what we do can hardly be thought of as worthwhile, noble, or admirable.","it is a waste of time to sit around thinking about whether life is worth living; we should leave such reflection to talk-show hosts, political figures, and religious leaders.",C,True,0.2346712,0.26384792,0.30309454,0.1983864
Nagel claims that the problem of moral luck is closely connected to the problem of:,the existence of God.,freedom of the will.,psychological egoism.,universals.,B,False,0.24596389,0.24548395,0.31397876,0.19457345
"""Is there anything you would be willing to die for?"" is a philosophical question insofar as:",it does not have any right or wrong answer because it is a meaningless question.,it is a meaningless question because everyone could have a different answer to it.,it forces us to articulate and justify our beliefs about what we know and ought to do.,it is more concerned with one's religious beliefs than with factual claims about the world.,C,True,0.24185559,0.2534625,0.31298438,0.19169757
Hume defines virtue as:,a tendency to maximize happiness.,a tendency to pursue justice.,whatever mental action or quality gives a spectator a sentiment of approbation.,whatever mental action or quality brings about the best consequences for all.,C,True,0.23796783,0.24408732,0.33297685,0.18496792
Parfit claims that:,it is possible for an outcome to be worse for a particular person than some alternative.,it is possible for an outcome to be worse than some alternative.,both a and b.,neither a. nor b.,C,True,0.24128842,0.24992208,0.31716764,0.19162191
"According to Baier’s theory, the second step in assessing whether an action is morally permissible is to find out:",whether it is forbidden by a moral rule of one’s group.,whether the moral rule forbidding it is a genuine moral rule.,whether it is forbidden by a law.,whether one can approve of it.,B,False,0.24952582,0.24855301,0.30872566,0.19319558
"According to Hume, morality is ultimately based on:",reason.,God’s commands.,social agreements.,sympathy.,D,False,0.2375293,0.24747427,0.32150894,0.19348748
"According to Kant, moral laws are:",necessary and apply to all rational beings.,contingent and apply only to human beings.,culturally relative.,grounded in God’s commands.,A,False,0.23933664,0.24310568,0.32970017,0.18785751
"Wolf claims that ultimately, normative questions must be assessed from:",the moral point of view.,the point of view of virtue.,the point of view of individual perfection.,a perspective that is unattached to a commitment to any well-ordered system of values.,D,False,0.23886248,0.24500501,0.32079744,0.19533502
"Baier claims that for a rule to belong the morality of a group, the rule must be:",part of the mores of the group.,universally teachable.,not merely a taboo.,all of the above.,D,False,0.24835454,0.2469036,0.31394956,0.1907923
"According to Sartre, if God does not exist, _____.",anything is permissible,moral values must come from nature,moral values still exist,man does not exist,A,False,0.2393692,0.24313872,0.32590336,0.19158868
Baggini accuses pessimists of mixing up the two senses of _____.,philosophy,religion,meaning,time,C,True,0.24528553,0.23820366,0.3313596,0.18515123
Which of the following is an example of deception in business research?,The obtaining of company material without permission.,The researcher wearing a disguise during an observation.,The researcher representing their research as being about a different topic.,The researcher failing to ask permission to interview someone.,C,True,0.24521464,0.25053993,0.3173313,0.18691418
Feinberg claims that most arguments for psychological egoism:,make reference to neuroscience.,are based on controlled studies.,are based on interviews and surveys.,are nonempirical in character.,D,False,0.25192702,0.24227583,0.31414118,0.19165595
Descartes had been disillusioned by his discovery that many of the alleged truths learned in his youth were _____.,contrary to his religion,TRUE,FALSE,beyond question,C,True,0.24135569,0.24041472,0.3298941,0.18833546
Critics of the divine command theory have argued that the theory implies that God's commands are _____.,well supported,unclear,unknowable,arbitrary,D,False,0.2224682,0.23867352,0.35550314,0.18335511
Aquinas argues that the end of every action is:,some desire.,some pleasure.,some good.,some emotional state.,C,True,0.2296936,0.25424764,0.3368234,0.17923528
Epicurus holds that philosophy is:,not suitable for the young.,not suitable for the old.,"important, but unpleasant.",none of the above.,D,False,0.24272677,0.2514119,0.3171943,0.18866695
"According to Parfit, both Taurek and Lewis assume that for there to be a “sum of pain,” it must be:",all felt at a single time.,all felt by a single person.,all be caused by a single source.,all of the above.,B,False,0.24704602,0.2524111,0.3062551,0.19428775
Mill claims that in deciding how to act:,we should always calculate the expected consequences of our action.,we should depend on rules of thumb derived from the principle of utility.,we should consult tradition.,we should consult scripture.,B,False,0.24464494,0.2524108,0.30865675,0.19428754
An important formal characteristic of art is_____.,social meaning,faithful representation,its power to evoke strong emotions,coherence,D,False,0.2485364,0.24372926,0.33183962,0.17589481
"According to Hobbes, in the condition of man in which there is a state of war of everyone against everyone, every man has a right to _____.",some things,lawful treatment,due process,everything,D,False,0.24884033,0.23837444,0.32965988,0.18312535
"In the case of the debtors, the moral argument against imprisoning A relies on:",fear.,universalizability.,considerations of the consequences of doing so.,all of the above.,B,False,0.25022954,0.24443297,0.3175578,0.18777966
"According to Hume, justice:",has no value.,has value in part because it is useful to society.,has value solely because it is useful to society.,has value solely because it is useful to the agent.,C,True,0.24394298,0.25070533,0.31940687,0.18594486
"Why is it important that personal data about research participants are kept within secure, confidential records?",So that the participants cannot find out what has been written about them.,"In case individuals, places, or organizations can be harmed through identification or disclosure of personal information.","So that government officials, teachers, and other people in authority can have easy access to the data.",To enable the researcher to track down individuals and find out more about their lives.,B,False,0.24433976,0.24818756,0.31190553,0.19556709
Berkeley insists that heat and cold are _____.,illusions,physical objects,only things existing apart from our minds,only sensations existing in our minds,D,False,0.24870875,0.24629177,0.31872523,0.18627425
"According to Moore, the most fundamental question in all of ethics is:",whether life is worth living.,whether God exists.,how “good” is to be defined.,whether morality is objective.,C,True,0.24636193,0.24540146,0.31448686,0.19374974
Bentham claims that actions are right or wrong in virtue of:,the motives behind them.,their consequences.,both a and b.,neither a nor b.,B,False,0.2416738,0.24983281,0.31954104,0.18895239
"Which of the following concepts can be defined, according to Moore?",good,yellow,horse,all of the above,C,True,0.210393,0.2537824,0.3614027,0.17442192
Cicero argues that we will never go morally astray if we:,follow our conscience.,follow the laws.,follow religious edicts.,follow Nature as our guide.,D,False,0.24380349,0.25056198,0.30819649,0.19743808
"According to Kant, the moral worth of an action depends on:",the moral character of the agent who performs it.,the consequences of the action.,the maxim that is acted on.,all of the above.,C,True,0.24269849,0.2450802,0.327225,0.18499625
Epictetus recommends that we refrain from:,laughing without restraint.,casually going to lectures.,having sex before marriage.,all of the above.,D,False,0.23500171,0.2531068,0.32120925,0.19068225
Nussbaum claims that our modern debates about homosexuality:,are continuations of the very same debate about sexual activity that went on in the Greek world.,are interminable because there is no objective answer as to whether homosexuality is immoral.,are carried out in a manner that is not virtuous.,none of the above.,D,False,0.2505514,0.24284275,0.31487626,0.19172959
"To say that ""philosophy"" (like ""love"" or ""art"") is not a closed concept means that we cannot state the necessary and sufficient conditions by which it is defined.  Rather, philosophic issues are identifiable as having ""family resemblances"" with one another.  In other words:","there is no one distinguishing feature that identifies an issue as philosophic, only an overlapping of issues roughly associated with one another.","the way we come to think about philosophy, love, or art really depends on how we were raised by our families to identify things as resembling one another.",the necessary and sufficient condition for something to be considered philosophic is that it answers either of these questions: What does it mean? and How do you know?,"philosophy is not a closed discipline insofar as it is willing to accept any answer suggested by the ""human family"" as being true.",A,False,0.23254605,0.26248187,0.305676,0.19929604
"According to Ross, we should construct a moral theory by:",constructing logical proofs for moral principles.,consulting social conventions.,reflecting on what we really think.,consulting scripture.,C,True,0.2419906,0.2506494,0.308304,0.19905603
A prima facie duty is a characteristic of an act in virtue of which the act:,"seems to be right, although this might be illusory.","tends to be right, although this might be outweighed by other considerations.",is right.,"is the first thing that an agent ought to do, above all else.",B,False,0.24083264,0.25436997,0.3116606,0.19313687
" According to Socrates, the task of the wise and virtuous person is not simply to learn various examples of just or virtuous actions but to learn the essence of justice or virtue, because:","by knowing enough examples of justice or virtue, we will live a worthwhile life even if we do not know what makes them examples of justice or virtue.",knowledge of individual examples alone would not prepare someone for situations of justice or virtue to which the examples do not immediately apply.,what makes an action just or virtuous can be known only by asking people for their opinions and respecting each answer as equally valuable.,"justice and virtue are universal goals of all human beings, even if people do not always agree on how to achieve those ends.",B,False,0.23624128,0.26303196,0.3033398,0.19738698
Baier claims that ethical skepticism is often due to:,confused metaphysical theories.,confused epistemological theories.,confused religious views.,confused scientific theories.,B,False,0.23900783,0.25442252,0.3160161,0.19055367
Aquinas claim that all human operations appear to serve:,those in power.,those of high status.,those who contemplate the truth.,those who act wickedly.,C,True,0.23365778,0.2506782,0.33404624,0.1816178
"According to Stevenson, moral disagreements involve:",disagreement in interest.,disagreement in belief.,disagreement in theory.,disagreement in practice.,A,False,0.22604921,0.25714985,0.32570338,0.19109754
"According to Hobbes, whenever and wherever men live without a common power to keep them all in awe, there is _____.",negotiation,war,democracy,freedom,B,False,0.2397505,0.2392827,0.33678427,0.18418248
Hare claims that all moral arguments are:,useless.,valid.,ad hominem.,sound.,C,True,0.22899711,0.2413972,0.3397604,0.18984528
"Apart from the fact that it is ""not a nice thing to do"", what is an important ethical disadvantage of deceiving participants?",It can damage the professional reputation of the researcher and their discipline.,It makes it more difficult to gain access to deviant or hidden populations.,It means that records of personal data about the participants cannot be made anonymous.,None of the above.,A,False,0.25168377,0.24441718,0.31940332,0.18449578
Stevenson claims that the primary use of ethical judgments is to:,state facts.,influence the interests of others.,describe one’s own approval of things.,none of the above.,B,False,0.239967,0.24565765,0.32417473,0.19020064
"Butler claims that, strictly speaking, the only thing that anyone has a right to is:",life.,liberty.,property.,happiness.,D,False,0.25175586,0.25175586,0.303083,0.1934053
Augustine holds that we can never err:,in any circumstances whatsoever.,except through ignorance.,except through wickedness.,except through temptation.,B,False,0.23719198,0.24424374,0.3223089,0.19625536
"According to Brandt’s theory, an ideal moral rule is one that would:","maximize positive utility, ignoring negative utility.","minimize negative utility, ignoring positive utility.","maximize utility, with both positive and negative utilities being counted.",take no account of either positive or negative utility.,C,True,0.24653348,0.24366128,0.31286728,0.1969379
Hare asserts that ethics and science are similar in that:,both seek to provide us with true beliefs about the world.,both are essential components of a worthwhile life.,both involve testing general principles by examining their logical consequences.,all of the above.,C,True,0.2420879,0.24928522,0.32008857,0.18853825
Hume argues that the criteria for judging aesthetic value are _____.,entirely subjective,unchangeable,entirely objective,unknown,A,False,0.23326434,0.24782409,0.3270336,0.19187802
How many categories of ethical principles do Diener and Crandell refer to?,Three: harm to students; lack of informed consent; invasion of privacy on social media.,Four: harm to participants; lack of informed consent; invasion of privacy; involvement of deception,Two: ethical and unethical,Two: right and wrong,B,False,0.24396494,0.2497504,0.32068586,0.18559875
In response to the claim that deliberative justification is incomplete:,Gauthier expands the definition of deliberative justification.,Gauthier argues that deliberative justification by definition takes account of all relevant considerations.,Gauthier claims that deliberative justification works.,Gauthier argues that all theories of justification are equally incomplete.,C,True,0.25014663,0.24723235,0.3174526,0.18516847
Aquinas claims that the ultimate perfection of operation is:,delight.,peace.,pleasure.,Godliness.,A,False,0.22957365,0.25560817,0.33142826,0.18338992
Rawls argues that parties in the original position would not accept utilitarianism because:,it is too difficult to determine which policies would maximize happiness.,doing so would be too risky.,"it requires us to do unjust things, such as executing innocent people.",they would be behind the veil of ignorance and thus would never have heard of utilitarianism.,B,False,0.2485035,0.25094217,0.3062621,0.19429219
What does the notion of “meaning in life” refer to?,external meaning,god's plan,internalmeaning,meaning in an afterlife,C,True,0.24081859,0.2538588,0.3159324,0.18939021
Stevenson identifies the meaning of a term with:,the empirical observations to which it applies.,all the psychological causes and effects that attend its utterance.,the psychological causes and effects it has a tendency to be connected with.,the set of other words that are synonyms to the original word.,C,True,0.24763423,0.23814753,0.32360736,0.19061089
Hume thinks that each mind perceives _____.,the same beauty,a different beauty,a warped sense of beauty,objective beauty,B,False,0.23388492,0.26245078,0.31719497,0.18646929
Descartes says that the chief characteristic of physical things is that _____.,they cannot be measured,science can study them,they do not have extension,they have extension,D,False,0.24740756,0.24596214,0.31582165,0.19080871
"In Book II of the Republic, Glaucon claims that justice originates from:",a social agreement.,nature.,the gods.,the powerful.,A,False,0.24887916,0.24790888,0.31461275,0.18859912
Augustine identifies evil with:,the influence of the devil.,the absence of good.,"a unique force, opposed to goodness.",pain.,B,False,0.24301751,0.24492352,0.31944048,0.19261852
"According to Paley, we must conclude that a watch had an intelligent designer if the watch _____.",shows purposefulness,has a structure,runs well,is engraved,A,False,0.25020453,0.24393165,0.31138456,0.19447927
"According to Bentham, a moral sanction is:",pleasure or pain inflicted by chance members of the community.,pleasure or pain inflicted by a judge in accordance with a rule.,pleasure or pain that it is permissible to inflict on someone.,none of the above.,A,False,0.24263224,0.24597228,0.32206392,0.1893316
Augustine claims that Academic skepticism:,"is true, and can be proven.","is true, but cannot be proven",is false but cannot be refuted.,is false and can be refuted.,D,False,0.24302776,0.2522158,0.31511617,0.18964024
"If you assume that a set of statements is true, and yet you can deduce a false or absurd statement from it, then the original set of statements as a whole must be false. This kind of argument is known as _____.",modus tollens,modus ponens,hypothetical syllogism,reductio ad absurdum,D,False,0.25303954,0.2438215,0.31063664,0.19250232
Aristotle ends the Ethics with a segue to a discussion of:,aesthetics.,theology.,politics.,natural science.,C,True,0.15522276,0.30990553,0.399484,0.13538769
Kant claims that the moral law is given to each person by:,society.,one’s own will.,God.,Nature.,B,False,0.2418706,0.25199732,0.31178352,0.19434848
Aesthetics addresses questions that interest _____.,only philosophers,only critics,no one,philosophers and nonphilosophers,D,False,0.24667892,0.24475923,0.32488725,0.1836746
The control condition claims:,it is morally wrong to ever lose control of oneself.,it is morally wrong to try to control the lives of (adult) others.,one cannot be morally assessed for what is due to factors outside one’s control.,one cannot be morally blamed for taking control of one’s own life.,C,True,0.24845746,0.2523701,0.306804,0.19236839
"According to Feinberg, the claim that we always feel pleasure when we get what we want:","is true, and supports psychological egoism.","is true, but does not support psychological egoism.","is false, and would not support psychological egoism even if it were true.","is false, but would support psychological egoism if it were true.",C,True,0.23988485,0.25585532,0.31225836,0.19200143
"Plato distinguishes knowledge from mere belief or opinion by saying that knowledge must be a true belief for which one can give a justification, a rationale, or ""logos.""  In terms of his image of the Divided Line, for Plato, knowledge is attained only when our sensible experience is:",grounded ultimately in what our senses reveal to us about the world of becoming.,"based on images of the good, beauty, and truth obtained from particular objects and on which the concepts and Forms depend.",replaced by what we sincerely believe is true or have come to believe based on our upbringing.,understood in terms of concepts or innate ideas (Forms) that are perceived as rationally ordered.,D,False,0.23801067,0.25684875,0.3116394,0.1935013
What are the two principal answers to whether life has any meaning for us?,the external view and the internal view,the pessimist'sview and the optimist'sview,the religious view and the liberal view,the theistic view and the agnostics view,B,False,0.24124664,0.252331,0.31219634,0.19422609
Bentham defines the fecundity of a pleasure or pain as:,its chance of occurring.,the degree to which it is felt.,its chance of being followed by sensations of the same kind.,how long it lasts.,C,True,0.23814343,0.24811414,0.3325724,0.18116997
Disagreements about the aesthetic value or social relevance of a piece of art are _____.,uncommon,common,vacuous,never serious,B,False,0.24806564,0.23809691,0.32102078,0.19281675
Aristotle states that if we ask what the highest good of human action is:,there is no agreement about the answer.,most people agree that it is pleasure.,nearly everyone agrees that it is happiness.,there is no objective answer to this question.,C,True,0.24509911,0.25238597,0.31348655,0.18902837
"When faced with the complaint that utilitarianism is a doctrine worthy of swine, Mill responds that pleasures differ in:",purity.,quality.,species.,weight.,B,False,0.25169304,0.24876073,0.317549,0.18199724
"According to Aquinas, an infinite regress of causes is _____.",finite,possible,impossible,necessary,C,True,0.20161279,0.24509881,0.38184732,0.17144108
"Epictetus claims that if the wife and children of a virtuous man were to die, he should feel:",righteous indignation.,moderate grief.,undisturbed.,envy of those who still have their loved ones.,C,True,0.2467694,0.24725185,0.31934333,0.1866355
"Like most rationalists, Plato defines knowledge as justified true belief.  In terms of this definition, we might be able to claim to know something as true which might actually be false, but it is impossible for us really to know something that is false.  Why?","Because to know something that is false is to know no real thing, nothing (i.e., not to know at all).",Because what we know as true is ultimately based on what we claim to know as true.,Because we cannot give a justification or reason for believing in something that is false.,"Because in contrast to our knowledge of the unchanging Forms, beliefs about particular objects can change.",A,False,0.23737374,0.25766677,0.307785,0.19717447
"By “animal motion,” Hobbes means:",involuntary operations such as heartbeat and breathing.,"instinctive behavior, such as nursing young.",irrational behavior.,all voluntary behavior.,D,False,0.24125302,0.2431452,0.324008,0.19159381
Taurek claims that:,the death of two people is always worse than the death of one.,the death of two people is sometimes less bad than the death of one.,the death of two people is always exactly as bad as the death of one.,the notion of the sum of two people’s losses should be rejected.,D,False,0.24322891,0.25242454,0.3123121,0.19203447
Which of the following ideas is not associated with the stance of situation ethics?,Anything goes,Principled relativism,The end justifies the means,No choice,A,False,0.23925112,0.25220647,0.322577,0.18596539
"For Plato, ordinary sensible objects exist and are knowable as examples or instances of Ideas or ""Forms"" that do not exist in our ordinary sensible world.  Forms do not exist in the sensible world because:","in the sensible world only mathematical objects (e.g., triangles) can be known using hypotheses which are recollected when we are asked the right kinds of questions.","unlike everything in the sensible world, Forms are not individual things but rather the universal essences or natures by which individual things are what they are and are known.","nothing in the sensible, experienced world could exist or be identified as one particular thing or another unless there were a ""Sensible World"" Form (like the Form of beauty or justice).","the sensible world consists of changing Forms that exist and are known in terms of other changing Forms, which in turn exist and are known in terms of yet others in an endless regress.",B,False,0.23552704,0.25516334,0.3101997,0.1991099
Descartes declares that he is _____.,a body,a dream,a thing that thinks,a thing that cannot exist,C,True,0.23236163,0.24783123,0.3374245,0.18238272
Aquinas says that the first efficient cause of everything is _____.,the universe,God,nature,an infinite series,B,False,0.2295653,0.24341828,0.34327477,0.18374175
Hume claims that a person who is unaffected by images of human happiness or misery will also be indifferent to:,art and beauty.,virtue and vice.,his own well-being.,all of the above.,B,False,0.24271992,0.24896163,0.31780544,0.19051303
When using visual methods in a research project what should you take into consideration alongside the legal guidelines?,What constitutes a public space,Protecting individuals from potential harm,Any risk of invasion of privacy,All of the above.,D,False,0.24861372,0.23955691,0.33064875,0.18118057
"According to Epicurus, the wise man:",yearns for the end of life.,fears the cessation of life.,is unconcerned with death.,realizes that death is an illusion.,C,True,0.24230699,0.25393555,0.31356853,0.19018893
"To illustrate the attempt to do injustice with impunity, Cicero considers the story of:",the ring of Gyges.,Icarus.,Achilles and Agamemnon.,Oedipus the King.,A,False,0.25274086,0.24592361,0.30906036,0.1922751
"Epicurus states that of all the things required for a complete life, the greatest is:",honor.,friendship.,luxury.,good food.,B,False,0.24757838,0.24854739,0.30992696,0.19394735
Parfit claims that the magnitude of pains:,can be precisely compared.,"can be compared, but only roughly.","can be compared within individuals, but not between individuals.",cannot compared either within individuals or between individuals.,B,False,0.24046625,0.24809946,0.32232118,0.18911313
"Nagel claims that prior to reflection, it is plausible that people cannot be morally assessed for:",actions that affect only themselves.,their character.,what is due to factors beyond their control.,actions that do not violate anyone’s rights.,C,True,0.24777484,0.2492309,0.31077927,0.19221494
"According to Anscombe, “moral obligation” currently signifies:",the norms of a society.,the feelings of an individual.,the commands of God.,no real concept at all.,D,False,0.24081405,0.2465248,0.3184043,0.19425686
Hume says that beauty is _____.,a quality in things themselves,a matter of a priori knowledge,judged by logical standards,no quality in things themselves,D,False,0.2406393,0.2502253,0.32318375,0.18595164
"According to Plato, we can attain knowledge only by seeing beyond this world of particular, changing objects to the true essences or Forms in terms of which things in this world are intelligible.  For example, we know what triangularity is not from comparing sensible triangles but by thinking of the ideal of triangularity in terms of which these sensible figures are recognized as triangles.  From this Plato concludes that all knowledge (as opposed to opinion) is innate, because:",from the moment we are born we know what things are in the world in terms of ideas that we get through our senses.,"since we are born with senses (that is, our senses are innate), we can know things about the sensible world with certainty as long as we rely on the senses alone.",our knowledge of the world is not really of the sensible world itself but of the world grasped mathematically and ideally.,"since our absolutely certain knowledge of things cannot be based on the changing things in sensible experience, it must merely be triggered by sensible experience.",C,True,0.23308705,0.25901365,0.30459717,0.20330215
"According to Stevenson, empirical methods:",are never useful in resolving ethical disagreement.,"are sometimes useful in resolving ethical disagreement, but are not always sufficient.",are in principle always sufficient for resolving ethical disagreement.,provide the only responsible way to engage in moral philosophy.,B,False,0.24497598,0.2537416,0.31271768,0.18856475
"Before his conversion, what was Tolstoy surrounded by?",what is considered complete happiness,things that no one would want,what is considered heavenly bliss,what is considered deep insight,A,False,0.21766941,0.27142358,0.33255512,0.17835192
"According to Sartre, what existentialists have in common is that they think that _____.",essence precedes existence,objectivity must be a starting point,existence is a myth,existence precedes essence,D,False,0.24399781,0.24687397,0.3176122,0.19151609
Feinberg takes his remarks about the two different senses of pleasure to refute:,psychological egoism.,psychological egoistic hedonism.,ethical egoism.,all of the above.,D,False,0.24740079,0.24595541,0.31396794,0.19267592
Rawls claims that a conception of justice should be justified by:,deducing it from self-evident premises.,direct acquaintance via moral intuition.,"the mutual support of many considerations, which it fits into one coherent view.",none of the above.,C,True,0.24198386,0.24966525,0.31315038,0.1952005
Epictetus claims that the only thing one can call one’s own is:,the way one deals with one’s impressions.,one’s family.,one’s friends.,one’s body.,A,False,0.2429212,0.24965522,0.31375,0.19367366
"In Hobbes’s view, to say something is good is to say that:",it is conducive to human happiness.,you desire it.,most people desire it.,most people ought to desire it.,B,False,0.24020092,0.25519365,0.31084308,0.19376226
"Moore claims that there is no meaning in saying that pleasure is good, unless:",goodness and pleasure are the same thing.,good is something different than pleasure.,all good things are pleasant.,all pleasant things are good.,B,False,0.24368368,0.25141904,0.30985528,0.19504195
"Baier asserts that when we ask for moral advice, we are asking for others to:",issue commands.,inform us of their preferences.,deliberate with us.,empathize with us.,C,True,0.24398585,0.25420114,0.308427,0.19338602
Moral theories that say that the rightness of actions depends solely on their consequences are _____.,deontological,virtue oriented,consequentialist,egoistic,C,True,0.25038633,0.24032435,0.3146688,0.1946206
Socrates tells Crito that he should attempt to break out of prison if and only if doing so would be:,to his advantage.,harmful to his enemies and advantageous to his friends.,pleasing to the gods.,just.,D,False,0.2443986,0.24873264,0.30894879,0.19792002
"According to the Ideal Moral Code theory, one is obligated to do what the ideal moral rules would require:",in one’s actual institutional setting.,in an ideal institutional setting.,in a setting devoid of institutions.,in a world in which everyone complied with those rules perfectly.,A,False,0.24661732,0.2509907,0.3069202,0.19547175
"According to Cicero, the most practical branch of philosophy deals with:",logic.,natural science.,moral duties.,expedience.,C,True,0.24299712,0.23829712,0.33019724,0.18850853
"According to Socrates, the value or quality of one's life depends on understanding the principles of, or basic rationale for human existence.  Without such knowledge (he suggests) life lacks virtue, because:",acting virtuously means acting in way that is informed about what one is doing and why.,someone who does not understand existence philosophically could never do anything right.,to have the power or ability to do anything at all requires that we know what we are doing.,not only is virtue knowledge but also the unexamined life is not worth living.,A,False,0.23701672,0.25828618,0.30973244,0.19496463
Rawls claims that students with fewer native assets (such as intelligence) should be given:,more attention and resources than those with more native assets.,the same level of attention and resources as those with more native assets.,less attention and fewer resources than those with more native assets.,virtually no educational resources.,A,False,0.2512539,0.24687591,0.31147146,0.19039868
Nussbaum claims that the specification of particular virtues:,will always consist of a single answer.,might sometimes turn out to be a disjunction.,is necessarily relative to a culture.,can be settled in such a way as to be no longer revisable.,B,False,0.2424532,0.24966139,0.3168368,0.19104853
"According to Rawls, we can enter the original position:",only by leaving society and remaking social institutions from scratch.,"at any time, by simply following a certain procedure.","only if we somehow forget who we are, which is very rare.",none of the above.,B,False,0.24417827,0.24948104,0.30626816,0.2000725
Mill argues that virtue:,is not desirable.,is desirable only as a means to one’s own happiness.,is desirable only as a means to the happiness of others.,is desirable as part of one’s happiness.,D,False,0.2433856,0.25258717,0.31373644,0.19029076
Bentham claims that utilitarian calculations:,should be performed prior to each action.,"need not be performed before each action, but should always be kept in mind.","are merely a formal device, and do not have practical application.",are fundamentally flawed.,B,False,0.24349421,0.25970498,0.30901024,0.1877906
Nussbaum claims that for Aristotle the reference of each virtue term is fixed by:,conventional use.,grounding experiences.,a thick description of the virtue.,tradition.,B,False,0.22099532,0.2431904,0.3497176,0.18609673
"According to Gauthier, deliberative justification:",is refuted by moral requirements.,is replaced once we acknowledge moral requirements.,refutes morality.,ignores morality and seemingly replaces it.,D,False,0.24017152,0.25022712,0.3225555,0.18704578
Nussbaum claims that recent anthropological work has shown that fear is:,partially learned and culturally variant.,universally experienced in roughly the same way.,not present in certain societies.,none of the above.,A,False,0.23530884,0.24088901,0.33509514,0.18870704
"Of the ways of escaping moral arguments that he discusses, Hare claims:",none of them are successful.,"some, but not all of them are successful.",all are entirely successful.,"all might be successful, but at a price.",D,False,0.24027392,0.25377983,0.30791584,0.19803034
Most of those who take the externalist approach to meaning view the matter from a _____ standpoint.,secular,nonreligious,religious,pragmatic,C,True,0.25699058,0.23954158,0.30757746,0.19589035
"According to Hume, reason:",should serve our passions.,should operate completely independently of our passions.,should be used to direct our passions.,should be used to extinguish our passions.,A,False,0.24497072,0.24980235,0.31332234,0.19190456
"In response to the argument that famine relief is counterproductive because it leads to overpopulation, Singer claims that:",this has empirically been shown to be false.,"this is true, but should not be of moral concern to us.",this is a reason to give money to population control efforts.,there is no such thing as “overpopulation.”,C,True,0.24599397,0.25380266,0.30674297,0.19346038
Of the two versions of the principle that Singer considers:,he considers the stronger version to be correct.,he considers the weaker version to be correct.,he ends up rejecting them both.,he claims that they are equivalent.,A,False,0.24045698,0.25052455,0.32357025,0.18544821
"According to the scripture that Butler discusses in Sermon One, human beings are:",independent and autonomous individuals.,all a part of one body.,all a part of God.,part of the animal kingdom.,B,False,0.24602465,0.25087705,0.30618262,0.19691566
At first Descartes supposes that everything he sees is _____.,TRUE,FALSE,part of him,undeniable,B,False,0.2447644,0.24764961,0.30820492,0.19938108
"According to Socrates, just as there is a difference between what an ironic statement says and its true meaning, so also appearances differ from reality.  Even though societies or individuals appear to differ about what is required for the good life, that in no way contradicts the fact that:","what is right or wrong, true or false varies from one culture to another.",appearances are the only real way we have for knowing reality.,the distinction of appearance and reality is the basis for the dialectical discovery of truth.,there are objective principles for thought and action that are required for the good life.,D,False,0.231969,0.26131967,0.30790982,0.19880152
An example of a morally impossible rule would be:,lie whenever doing so is necessary to prevent a catastrophe.,always do whatever brings about the greatest happiness.,always assert what you don’t think to be the case.,all of the above.,C,True,0.2447132,0.24615127,0.3166824,0.1924531
"According to Locke, every man, by consenting with others to make one body politic under one government, puts himself under an obligation to everyone of that society to submit to the determination of_____.",the majority,the king,the judges,his own will,A,False,0.24536404,0.24061829,0.32952917,0.18448843
Bentham claims that nature has placed mankind under two sovereign masters:,pain and pleasure.,good and evil.,God and the devil.,duty and self-interest.,A,False,0.24352425,0.2507643,0.31269133,0.19302015
The biblical account of the soul is at odds with _____.,a unitary concept of the soul,the identity theory,soul-body dualism,the idea of a monistic soul,C,True,0.25308394,0.24481872,0.30767182,0.19442554
"According to Aristotle, happiness is:",a state of mind.,a feeling or sensation.,a craft.,activity of the soul in accordance with virtue.,D,False,0.2502192,0.24442288,0.31941077,0.18594712
Mill says that the ultimate end of utilitarianism is an existence as free of pain as possible and as rich as possible in _____.,lower pleasures,spiritual attainment,social achievement,enjoyments,D,False,0.2522955,0.24263021,0.3127627,0.19231154
What was Schopenhauer's attitude toward life?,He thought life was uncertain but worthwhile.,He thought life was hard but ultimately hopeful.,He thought life was bereft of meaning.,He believed in an afterlife in which all misery vanishes.,C,True,0.24672307,0.2520811,0.30525795,0.19593789
"When it comes to defining good, Moore claims that many past philosophers are guilty of:",begging the question.,circular reasoning.,the naturalistic fallacy.,the ad hominem fallacy.,C,True,0.24741763,0.248386,0.31707063,0.18712573
"According to Aristotle, we should begin ethical inquiry by specifying:",which things are intrinsically valuable.,the aim of human life.,what our fundamental duties are.,what constraints on behavior it would be reasonable to agree to.,B,False,0.2446439,0.25044546,0.30986348,0.19504713
"According to Epicurus, the wealth required for a good life is:",easily procured.,"attainable for everyone, but only through great effort.",available only to the rich.,available only to the gods.,A,False,0.2480193,0.2543973,0.30926844,0.18831496
Feinberg claims that the story about Abraham Lincoln:,provides some evidence for psychological egoism.,provides some evidence against psychological egoism.,provides no evidence for or against psychological egoism.,actually involves a confusion between ethical egoism and psychological egoism.,B,False,0.2561437,0.24537064,0.30776373,0.19072197
"According to d'Holbach, all the mental and moral attributes that people think are evidence for an immaterial soul are in fact _____.",purely intellectual,purely physical and natural,ethereal,undetermined,B,False,0.23509221,0.24302903,0.33807206,0.18380658
Hare claims that a person who refuses to make any positive moral judgments:,is irrational.,is immoral.,cannot coherently invoke morality to protect one’s own interests.,couldn’t possibly exist.,C,True,0.24408233,0.24744232,0.31463456,0.19384073
Hobbes claims that all of the laws of nature can be summarized in the precept:,maximize happiness.,never treat another person as a means to your ends.,do not do to another what you would not have done to yourself.,practice virtue in all that you do.,C,True,0.24618289,0.25300732,0.30757868,0.19323115
"In Aristotle’s view, the virtues are:",acquired through habit.,acquired through philosophical reflection.,a gift from the gods.,innate.,A,False,0.24982034,0.24690986,0.3139575,0.18931235
Mill claims that the distinction between justice and other moral obligations corresponds perfectly to the distinction between:,perfect and imperfect obligations.,positive and negative duties.,strong and weak duties.,absolute and relative obligations.,A,False,0.23881692,0.24639776,0.3277016,0.18708378
Descartes declares that an evil demon _____.,undoubtedly exists,could not possibly exist,could possibly be deceiving him,must exist if God exists,C,True,0.23394276,0.24951763,0.33576268,0.18077695
"During his trial, Socrates argues that he would never intentionally corrupt others because:",it is his duty not to do so.,"this would make them vicious, and they would then harm him.",he would be likely to get caught if he did so.,he would not know how.,B,False,0.24369417,0.25093925,0.3068573,0.19850929
"According to Kant, laws of nature are laws according to which __________, and laws of freedom are laws according to which __________.",everything will happen; everything will happen,everything will happen; everything ought to happen,everything ought to happen; everything will happen,everything ought to happen; everything ought to happen,B,False,0.24491742,0.2487743,0.31142405,0.1948842
"Augustine claims that to be happy, one must know:",the causes of natural occurrences.,the causes of good and evil.,both a and b.,neither a nor b.,B,False,0.24609137,0.25045544,0.31291676,0.19053644
"According to Wolf, a moral saint:",cannot read Victorian novels.,cannot have a sarcastic wit.,cannot have an interest in gourmet cooking.,all of the above.,B,False,0.24827202,0.24973102,0.3120117,0.18998533
"According to Socrates, justice is when a soul is ruled by its:",respect for the law.,rational part.,desire for honor.,none of the above.,B,False,0.24313293,0.24077015,0.32525972,0.19083723
Singer claims that his conclusions are similar to those of:,Plato.,Aristotle.,Thomas Aquinas.,Immanuel Kant.,C,True,0.24857694,0.2529851,0.30635262,0.19208537
"In Cicero’s view, each person is invested by Nature with two characters:",universal and individual.,virtuous and vicious.,good and evil.,divine and beastly.,A,False,0.24716084,0.25351676,0.30341983,0.19590257
Aristotle saw his theory of the virtues as:,final and complete.,open-ended and revisable.,relative to his culture.,applicable only to himself.,B,False,0.24622157,0.23586582,0.33132735,0.18658523
"Nussbaum claims that in cross-cultural communication, inhabitants of different conceptual schemes tend to view their interaction:",in a relativist way.,in an absolutist way.,in a Kantian way.,in an Aristotelian way.,D,False,0.24179815,0.25143027,0.31845903,0.18831258
Cicero claims that there could be “no more pernicious doctrine” than the idea that:,the gods do not care what we do.,a thing may be expedient without being morally right.,moral rightness is relative to one’s culture.,it is sometimes permissible to lie.,B,False,0.24526636,0.24767329,0.31864053,0.1884199
An important moral criterion of adequacy is known as _____.,simplicity,consistency with our considered moral judgments,fruitfulness,fallibility,B,False,0.25287515,0.23387127,0.32788453,0.1853691
Gauthier claims that moral agreements that are equally favorable to all parties are desirable because they:,satisfy our desire for fairness.,satisfy the conceptual constraint against exploitation.,maximize the productivity of society.,invite the stable compliance of everyone.,A,False,0.24830288,0.2478184,0.32007506,0.18380365
Baier argues that moral rules:,always must be applied to everyone alike.,must applied to everyone alike in the absence of morally relevant differences.,only apply to some members of a group.,are the same in every society.,B,False,0.24242787,0.25257793,0.31433833,0.19065583
Anscombe claims that an adequate moral psychology would include:,an answer to the mind-body problem.,analyses of concepts such as “action” and “intention.”,an explanation of how free will is possible.,all of the above.,B,False,0.24822919,0.24629746,0.31440458,0.19106883
"According to Parfit, the obligation to give priority to the welfare of one’s children is:",agent-relative.,agent-neutral.,absolute.,none of the above.,A,False,0.23788983,0.24881993,0.32325718,0.19003308
Epictetus recommends that we act:,according to our passions.,"so as to do whatever comes naturally, without much thought.",only after careful reflection on the consequences of our actions.,so as to benefit the greatest number.,C,True,0.24081634,0.25886333,0.30981883,0.1905014
"Descartes says that, for all he knows, he may be _____.",dreaming,a god,infallible,perfect,A,False,0.24436298,0.2363826,0.3333529,0.18590157
"When Euthyphro attempts to define the holy as prosecuting wrongdoers, Socrates objects that:",there are many other things that are also holy.,prosecuting wrongdoers is not always holy.,there is disagreement about what counts as “wrongdoing.”,all of the above.,A,False,0.2514739,0.24373688,0.31235367,0.19243552
Wolf claims that morality:,is merely a cultural artifact.,is not really relevant to our lives.,provides a comprehensive guide to conduct.,none of the above.,D,False,0.23971592,0.24829334,0.32383555,0.18815519
"According to Bentham, considerations of pain and pleasure determine:",what we ought to do.,what we will do.,both a and b.,neither a nor b.,C,True,0.23667127,0.24802937,0.33769426,0.17760515
Augustine claims that all created things are:,eternally and unchangeably good.,"good when taken together, but not good separately.","good, even taken separately.",none of the above.,C,True,0.22678402,0.24282898,0.3485165,0.1818705
"In Augustine’s view, lying is:",often permissible if done for the right reasons.,"not evil in itself, although it can have bad consequences.",permissible only in very rare circumstances.,never permissible.,D,False,0.24246038,0.24918163,0.31315482,0.19520327
"Whereas the social sciences (e.g., psychology, sociology, economics) ask questions about how people think and act, philosophy is the study of:",how people with different beliefs or backgrounds disagree with one another.,what beliefs mean and whether people with different beliefs are justified in having them.,the reasons why philosophic questions never have better or worse answers.,questions that can be answered better by appealing to scientific experiments.,B,False,0.24708122,0.2485332,0.3178788,0.18650669
" Plato indicates that the knowledge of pure reason is preferable to conceptual understanding, because knowing that something is a certain kind of thing is not as good as knowing:",how we come to learn what to call a thing in virtue of our own experiences.,"the logos or rationale of the thing, that is, why it is the way it is.",why we differ among ourselves about what we claim to know.,the difference between knowledge and opinion as outlined in Plato's divided line image.,B,False,0.24325751,0.25097933,0.3099181,0.19584504
"According to Socrates, a clear sign that a person has _____ is her exclusive pursuit of social status, wealth, power, and pleasure.",philosophical ambition,worldly wisdom,exceptional desires,an unhealthy soul,D,False,0.25337672,0.24130201,0.3110506,0.19427069
Philo says the analogy that Cleanthes uses to make his case is _____.,too complicated,weak,strong,not based on a legitimate method of reasoning,B,False,0.24682365,0.23783204,0.33084264,0.18450166
How did Tolstoy's life change after his crisis of meaning?,His income increased dramatically.,He distrusted everyone.,He became religious.,He became an agnostic.,C,True,0.24097183,0.25551313,0.30760628,0.19590871
Which of the following is not one of Ross’s prima facie duties?,Fidelity,Beneficence,Non-maleficence,Legality,D,False,0.23967363,0.2511758,0.32823545,0.18091513
Cicero claims that it is sometimes permissible to:,commit acts of injustice.,break one’s promises.,steal.,none of the above.,B,False,0.24297825,0.24728711,0.326325,0.1834096
"According to Hobbes, without a common power to keep them in awe humans would exist in a state of:",peace and harmony.,mutual indifference.,cautious mistrust.,war of every man against every man.,D,False,0.23969708,0.24490254,0.32762706,0.18777329
Traditionally art has been defined as _____.,wealth,utility,representation,well being,C,True,0.24653488,0.23570515,0.31966358,0.19809635
One objection to Singer’s theory that he considers is that it:,does not do enough to address suffering in other countries besides our own.,inappropriately makes proximity morally important.,does not account for the fact that we have stricter obligations to our loved ones than to strangers.,requires too drastic a revision to our moral scheme.,D,False,0.24410947,0.24843839,0.31283116,0.19462103
Anselm assumes that a being that exists in reality is greater than a being that _____.,is worshipped,is embodied,exists only in the understanding,exists without flaws,C,True,0.24210587,0.24736364,0.32706416,0.18346636
"According to Baier, a rule can be said to be for the good of human beings only if:",it is not harmful.,it does not impose unnecessary restrictions.,it promotes the good of some people.,all of the above.,D,False,0.23946646,0.24900572,0.32098106,0.19054678
A prominent view is that an object has aesthetic value if it _____.,cannot be defined,has no utility,serves some important function,has no meaning,C,True,0.25023183,0.24731654,0.30718985,0.19526175
Hobbes describes felicity as:,a state of tranquility.,a continual progress of desire from one object to another.,a state of contemplation.,the absence of desire.,B,False,0.2218551,0.26708615,0.33174554,0.17931317
"According to Sartre, there is at least one being in whom existence precedes essence, and this being is _____.",God,man,primitive man,future man,B,False,0.24061647,0.2410869,0.33017093,0.18812573
"In Butler’s view, acting virtuously consists of acting in accordance with:",our strongest inward principle.,our highest inward principle.,all of our inward principles.,the commands of God.,B,False,0.24614617,0.25198334,0.30753282,0.19433771
Anscombe criticizes Sidgwick on the grounds that:,he does not distinguish between the foreseen and intended consequences of one’s action.,he endorses the divine law conception of ethics.,he claims that there is a “natural balance” to the universe.,all of the above.,A,False,0.24742231,0.24936287,0.30672157,0.19649321
"Why is it ""easier said than done"" to ensure that the principle of informed consent is adhered to?",It is not practicable to present every participant with all the information about the study.,"Sometimes it is desirable to withhold certain pieces of information, such as the length of time an interview will take.","If the participants knew exactly what the researcher was intending to study, they might change their behavior.",All of the above.,D,False,0.2425521,0.2541924,0.30721402,0.1960414
"In Hobbes’s view, a law of nature is:",a command of God.,"a principle of duty, known by intuition.","a principle, known by reason, which forbids one from doing something destructive of one’s life.",None of the above.,C,True,0.24905992,0.24092612,0.3179309,0.19208306
A Loving Saint is someone:,whose happiness lies in the happiness of others.,"who pays little or no attention to his own happiness, in light of the overriding importance of morality.",loves all human beings equally.,is morally perfect only in relation to those he loves.,A,False,0.2447472,0.25599238,0.31487602,0.1843844
Moore defines good as:,pleasure.,that which we desire.,that which we desire to desire.,none of the above.,D,False,0.22971262,0.24167897,0.3414883,0.18712015
"Feinberg claims that when people are hungry, they typically desire:",to eat food.,pleasant gustatory sensations.,both a and b.,neither a nor b.,A,False,0.24536733,0.25069594,0.31321725,0.19071941
"According to Hobbes, the right of nature is:",an entitlement to the fruits of one’s labors.,a claim not to be harmed by others.,the right of the king to rule his subjects.,the liberty to use one’s powers to preserve one’s life.,D,False,0.24266832,0.24697168,0.32718432,0.18317565
"According to Socrates, it is important that we discover what makes a particular action (e.g., a merciful or just act) the kind of action that it is, because without such knowledge:","no one in society will ever do any action that really is merciful or just, only those actions that they think are merciful or just.",the primary purpose of human existence--which is to think and to know--is replaced by a focus on morality (acting and doing).,we can refer only to how people characterize actions without knowing why such actions should be characterized that way.,"there would be no way to distinguish one kind of action (e.g., a merciful action) from another kind of action (e.g., a just action).",C,True,0.23828329,0.26017407,0.30476898,0.19677365
Feinberg claims that the best way to pursue happiness is to:,pursue pleasure.,pursue happiness.,forget about happiness.,none of the above.,C,True,0.24921809,0.25068265,0.3119796,0.1881197
Hobbes defines injustice as:,taking more than one’s share of a good.,failure to perform one’s covenant.,treating another person as a mere means.,violating a law of nature.,B,False,0.2393295,0.24983732,0.32840496,0.18242824
"In Butler’s view, injustice is caused by:",desires for external goods.,love of injustice.,ill-will toward others.,self-hatred.,A,False,0.24563563,0.24756218,0.31172785,0.19507432
"According to Rawls, the two parts of his theory:",are interdependent: You cannot accept one part without accepting the other.,are independent: You can accept either part without accepting the other.,are provable from self-evident premises.,cannot be justified via rational means.,B,False,0.2451511,0.24901167,0.31416604,0.19167112
Aristotle divides the virtues into:,natural virtues and artificial virtues.,moral virtues and intellectual virtues.,positive virtues and negative virtues.,human virtues and divine virtues.,B,False,0.24573292,0.2555218,0.32175052,0.17699479
The idea that mental states are dispositions to behave in particular ways in certain circumstances is known as _____.,logical nominalism,logical behaviorism,methodological behaviorism,eliminative materialism,B,False,0.2503187,0.2421438,0.3207884,0.18674913
The view that art is defined by its form is known as _____.,informalism,expressionism,formalism,structuralism,C,True,0.2522714,0.23837973,0.320775,0.18857388
"If the world that we individually perceive is limited to an internal perspective, then there is no way that we could determine whether our own perspective is useful, true, or valuable because:","we know whether our internal perspective is correct only by comparing it with an objective, external perspective (the ""real"" world).",whatever we appeal to in order to prove that our perspective is right itself would be part of the standard we use in evaluating that perspective.,scientific research that reveals facts about the world would cause us to challenge our perceptions in a dreamworld of our own making.,"without limiting our perspective to an internal dreamworld, we cannot achieve any objective, external knowledge of the real world.",B,False,0.23170686,0.26358587,0.3045729,0.2001343
"Anscombe claims that on Sidgwick’s view, the badness of an action must be estimated in light of:",its actual consequences.,its expected consequences.,whether it violates any duties.,whether it violates divine law.,B,False,0.24214967,0.25081417,0.3139776,0.19305855
Which method is most commonly associated with a lack of informed consent?,Qualitative content analysis,In-depth interviewing,Covert observation,Structured interviewing,C,True,0.2428883,0.24194135,0.3274809,0.18768953
"Epictetus claims that when someone strikes you, what really angers you is:",the force of the blow.,their malicious intentions.,your own judgment.,the insult involved.,C,True,0.24506849,0.25088012,0.30558893,0.19846252
"Craig argues that the series of events in time cannot be actually infinite, so we know that _____.",the universe is finite in the past and began to exist,the universe is infinite in the past,the universe never is uncaused,the universe exists only in the mind,A,False,0.24750388,0.24750388,0.31780127,0.18719098
Aquinas claims that:,pleasure exists for its own sake.,pleasure exists for the sake of operation.,operation exists for the sake of pleasure.,both b and c.,B,False,0.24210301,0.24784432,0.32514954,0.18490313
Anscombe claims that the notion of moral obligation is derived from the concept of:,preference.,maximizing utility.,positive law.,divine law.,D,False,0.24124287,0.24793036,0.321473,0.1893537
"In Brandt’s terminology, a moral code has currency in a society only if:",a high proportion of the adults in the society subscribe to its principles.,it is recognized as the moral code of the society.,both a and b.,neither a nor b.,C,True,0.24452437,0.2503231,0.30790266,0.19724984
The morality that Gauthier describes as facing a foundational crisis essentially involves:,enlightened egoism.,pure altruism.,justified constraint.,prima facie duties.,C,True,0.25187305,0.2470014,0.31284946,0.18827611
"In spite of the fact that Socrates claims to be ignorant of the essence or nature of certain things like justice, he is wise insofar as he recognizes that without such knowledge actions are rationally unjustified.  That is, his wisdom consists in his recognition not only that he is ignorant of such essences but also that:","justice, like knowledge, requires that we admit that we know nothing and never will.",he knows what he is supposed to be looking for--knowledge of the essences of things.,"knowledge of the essences of things is impossible, because that would require that we know what we are looking for before we know what it is we are looking for.",his method of asking questions about essences is itself unjustified because he does not know why he engages in such a practice.,B,False,0.234244,0.2628537,0.30254278,0.20035951
Hare refers to people who endorse ideals without regard for whether people’s interests are pursued by them as:,fanatics.,amoralists.,immoralists.,maniacs.,A,False,0.23651415,0.251768,0.3164052,0.19531268
"In Aquinas’s view, acts of prudence are solely about matters of:",pleasure.,desire.,moral virtue.,piety.,C,True,0.24258225,0.24544173,0.324523,0.18745303
"According to Locke, a man in the state of nature will relinquish his absolute freedom to the state because _____.",he will also enjoy absolute freedom when subject to the state,in the state of nature the enjoyment of his freedom is very uncertain and vulnerable,he wants to have absolute power over others,he rejects the laws of the state of nature,B,False,0.24493636,0.2502556,0.31883392,0.18597418
Augustine claims that there can be no evil where there is no:,hatred.,greed.,love.,good.,D,False,0.24081329,0.2403434,0.32152793,0.19731534
"According to Ross, justice is:",when all laws are followed.,when contracts and promises are adhered to.,when the distribution of happiness is in accordance with merit.,when the guilty are punished for their crimes.,C,True,0.24266186,0.24938871,0.3171095,0.19083984
Logical behaviorism is at odds with our commonsense intuition that mental states _____.,cause behavior,never cause behavior,exist,do not exist,A,False,0.25246316,0.24090204,0.31419548,0.19243935
Ross claims that we learn of our prima facie duties:,"by seeing the prima facie rightness of particular acts, and then apprehending general principles.","by apprehending general principles, and then inferring the prima facie rightness of particular acts.",by proving them philosophically.,from the explicit moral instruction we receive as children.,A,False,0.2428099,0.2544626,0.30455184,0.19817567
Anscombe criticizes as absurd Kant’s idea of:,the thing in itself.,the categorical imperative.,the phenomenal self.,legislating for oneself.,D,False,0.24458732,0.24892472,0.30918735,0.19730064
"In the Inquiry, Hume claims that our final verdicts on moral matters are derived from:",reason.,a moral sense that is unique to each person.,a moral sense that is universal in our species.,emotion.,C,True,0.24322678,0.24899474,0.31909174,0.18868671
"According to Nagel, the problem of moral luck arises because:",philosophers try to apply arbitrarily stringent standards to moral responsibility.,the self is threatened with dissolution by the absorption of its acts into the class of events.,our moral theories are hopelessly off track.,our theories of human action are hopelessly off track.,B,False,0.24580173,0.24772957,0.31315953,0.19330917
A moral theory explains _____.,why an action is right or wrong,why one moral event caused another,where a moral agent got her values,why people do what they do,A,False,0.23898388,0.25390065,0.32601488,0.18110056
Anscombe criticizes Butler on the grounds that:,our consciences are fallible.,the notion of “legislating for oneself” is absurd.,we really can derive an “ought” from an “is.”,the concept of “pleasure” is unclear.,A,False,0.2440864,0.25331447,0.30377042,0.19882879
Mill claims that a happy life is one of:,tranquility.,excitement.,both a and b.,neither a nor b.,C,True,0.24715096,0.2505532,0.3124281,0.18986769
"According to Moore, “pleasure is good” means the same thing as:",“pleasure is desired.”,“pleasure is pleasant.”,“we desire to desire pleasure.”,none of the above.,D,False,0.24856468,0.24614911,0.3063375,0.19894867
"To argue that he is obliged to obey the laws of Athens, Socrates compares the city to:",an employer.,a parent.,a friend.,a spouse.,B,False,0.24804363,0.24563313,0.31725264,0.18907057
Soft determinism entails that _____.,we are free to choose our desires,there are no restraints on human behavior,the thesis of determinism is false,the thesis of determinism is true,D,False,0.24741755,0.25082344,0.31645188,0.18530719
"In the moral life, feelings are _____.",essential and inevitable,essential to impartiality,an unerring guide,reason based,A,False,0.25155717,0.24525039,0.3198668,0.18332565
"According to Cicero, it is expedient to be:",just.,generous.,kind.,all of the above.,D,False,0.245249,0.24334045,0.32300398,0.18840656
Brandt claims that whether a moral code is ideal depends in part on:,the complexity of the rules.,how many people would likely violate it.,"the costs of its restrictions, in terms of the guilt it induces.",all of the above.,D,False,0.24683928,0.24732187,0.31509623,0.19074261
The view that we consist of two distinct substances (body and mind) and that these two interact is known as _____.,functionalism,identity theory,substance dualism,materialism,C,True,0.25085375,0.23889926,0.31219253,0.19805445
"According to Stevenson, the word “good” has a pleasing emotive meaning that fits it for:",descriptive use.,constructive use.,dynamic use.,propositional use.,C,True,0.23567921,0.25433275,0.3183823,0.19160584
"According to Locke, the chief end of men's uniting into a commonwealth is _____.",domination over other commonwealths,the preservation of the state of nature,the preservation of their property,the preservation of their absolute power,C,True,0.24656186,0.24656186,0.3178308,0.18904553
Hare claims that once two people agree on the meaning of the term “ought”:,they will share all the same moral opinions.,they will disagree morally only if they disagree about the facts of the case.,they will disagree morally only if they have different inclinations.,none of the above.,D,False,0.24489434,0.2531621,0.3089714,0.1929721
"To explain the notion of a prima facie duty, Ross draws an analogy with:",natural laws.,the laws of a nation.,the commands of a dictator.,our emotions.,A,False,0.24658886,0.2461077,0.31600854,0.19129486
"In the Republic, Thrasymachus claims that justice is:",telling the truth and paying one’s debts.,doing what pleases the gods.,the advantage of the stronger.,a harmony of the soul.,C,True,0.24948834,0.25095448,0.31415325,0.18540399
Epictetus claims that the desire for one’s loved ones to live forever is:,a natural instinct.,a sign of genuine love.,blasphemous.,silly.,D,False,0.2400359,0.25057474,0.3161381,0.19325133
"According to Sartre, the first principle of existentialism is that _____.",God is dead,man is all-powerful,man is nothing else but what he makes of himself,man is nothing,C,True,0.24732183,0.24828984,0.3213109,0.18307744
Aristotle claims that:,"virtue is in our power, and so is vice.","virtue is in our power, but vice is not.","vice is in our power, but virtue is not.",neither virtue nor vice is in our power.,A,False,0.24632539,0.25315377,0.3156709,0.18484987
Hume describes reason as:,cool and disengaged.,the source of all moral actions.,the first spring or impulse to desire.,all of the above.,A,False,0.219203,0.2587892,0.34552893,0.1764789
"According to Brandt, John Stuart Mill’s view most closely resembles:",act-utilitarianism.,a rule-utilitarianism based on the actual rules of society.,a rule-utilitarianism based on ideal moral rules.,Kant’s ethics.,C,True,0.24805258,0.25048682,0.3021448,0.19931586
The version of utilitarianism that Brandt defends makes rightness a function of:,the consequences of particular acts.,the actual and recognized rules of society.,ideal rules.,whether or not one’s maxim can be universalized.,C,True,0.24930802,0.24116613,0.31762666,0.19189924
"""When a person starts on the discovery of the absolute by the light of reason only, and without any assistance of sense, and perseveres until by pure intelligence he arrives at the perception of the absolute good, he at last finds himself at the end of the intellectual world. . . . Dialectic, and dialectic alone, goes directly to the first principle and is the only science which does away with hypotheses in order to make her ground secure.""  Here Plato indicates how hypothetical knowledge cannot provide the foundation of dialectical knowledge, insofar as hypotheses simply:",explain sense experiences in terms of general concepts which themselves are not explained.,show how particular objects of experience cause us to recall innate ideas.,describe sense experience without providing an explanation for dialectical methods.,"reject the use of reason, preferring instead dialectic, to achieve knowledge.",A,False,0.23971884,0.25220647,0.30660507,0.20146963
What are some of the frequent frustrations in writing or reading about research ethics?,Writers differ over what is ethically acceptable.,The same debates are rehearsed over decades.,Cases of ethical violation tend to be linked with certain research methods.,All of the above.,D,False,0.240793,0.2503851,0.3134405,0.19538134
"According to Cicero, immorality is __________, and expediency is __________.",repugnant to Nature; repugnant to Nature.,repugnant to Nature; in accord with Nature.,in accord with Nature; repugnant to Nature.,in accord with Nature; in accord with Nature.,B,False,0.24461696,0.25287533,0.30862144,0.19388625
Epicurus conceives of death as:,the beginning of the afterlife.,one component of the continuous cycle of rebirth.,the deprivation of all sensation.,the greatest harm that one can suffer.,C,True,0.23773053,0.25109348,0.3205268,0.19064912
"Nussbaum claims that at the first stage of ethical inquiry, terms for the virtues should be:",as descriptive as possible.,those that are conventionally used.,neutral between competing specifications of the virtue.,none of the above.,C,True,0.24464093,0.241319,0.32536507,0.188675
"The four main divisions of philosophy are metaphysics, epistemology, axiology, and _____.",bioethics,logic,aesthetics,categorical logic,B,False,0.24665412,0.24810362,0.3254897,0.17975248
Da Vinci's Mona Lisa is_____.,representational,abstract,obscure,nonrepresentational,A,False,0.2552923,0.23063736,0.3368888,0.17718153
"According to Butler, the degree to which one acts compassionately depends on:",the strength of his affection of compassion.,the strength of his other affections besides compassion.,both a and b.,neither a nor b.,C,True,0.2377432,0.24290624,0.33201346,0.18733715
One example of bad constitutive moral luck would be:,a person who is by nature envious and ungenerous.,a person who lived in Nazi Germany in 1940.,a person who drives drunk and hits a child.,all of the above.,A,False,0.24325117,0.24611853,0.3147904,0.19583993
Moore defines the naturalistic fallacy as the view that:,everything that is natural is good.,everything that is good is natural.,good is identical to a natural property.,all of the above.,C,True,0.23198879,0.23935288,0.34152052,0.18713781
Mill claims that the principle of utility:,can be proven from self-evident principles.,can be proven from principles that are known empirically.,"cannot be proven, and this is a unique problem for the theory.","cannot be proven, but this is common to all first principles.",D,False,0.24159034,0.25072402,0.31694487,0.19074078
The theory that says mental states are nothing but brain states is known as _____.,brain theory,epiphenominalism,identity theory,logical behaviorism,C,True,0.24925691,0.24491373,0.32382488,0.18200442
"Butler claims that in the strictest and most proper sense, tofollow nature is to:",act as one pleases.,act on any of one’s passions.,act on one’s strongest passion.,act on one’s conscience.,D,False,0.25146854,0.24805388,0.3099163,0.19056134
"According to Craig, the kalam cosmological argument establishes that _____.",the God of Christianity exists,the universe has a cause,the Big Bang model is false,the universe is uncaused,B,False,0.2306462,0.2523277,0.34087297,0.17615314
Singer claims that famine relief organizations direct our aid to distant refugees:,more effectively than we could get it to our close neighbors.,almost as effectively as we could get it to our close neighbors.,"quite inefficiently, but they are still worth donating to.","very inefficiently, and are therefore not worth donating to.",B,False,0.24363022,0.25383064,0.30677676,0.19576238
"Kant says that when trying to decide whether an action is morally permissible, we must ask if we can consistently will that the maxim of our action should become _____.",a rule for maximizing happiness,a contingent law,a universal law,a rule of thumb,C,True,0.2511918,0.24298838,0.3132244,0.19259544
Aesthetic values have to do with _______,the moral value of works of art and other objects that could be judged beautiful,good and bad works of art and other objects that could be judged beautiful,the moral values of artists and critics,pragmatic decisions regarding the display of art,B,False,0.2509871,0.24806301,0.31296918,0.18798067
"According to Feinberg, a good moral education:",will make no use of pleasure or pain as sanctions.,will be based entirely on the use of pleasure and pain as sanctions.,will produce someone who does the right thing out of deference to authority.,will produce someone who does the right thing simply because it is right.,D,False,0.24703026,0.24945447,0.3141106,0.18940467
" For Socrates, the belief that ""virtue is knowledge"" is related to his claim that ""the unexamined life is not worth living,"" because he believes that:",the unexamined life is one in which we live day to day without asking questions about who we are and why we are here in the first place.,the Delphic oracle identified Socrates as the wisest person on earth because he claimed to know nothing.,"by questioning traditional beliefs, we learn to recognize how some answers seem to be more satisfactory than others.",the only way to be a good or worthwhile person is to know how human beings should behave based on universal norms or values.,D,False,0.23405595,0.25756276,0.31434217,0.1940392
Craig says an actually infinite number of things _____.,is possible,is meaningless,exists somewhere,cannot exist,D,False,0.24526581,0.24718946,0.31801808,0.18952674
Descartes believed that interaction between body and mind took place in _____.,ectoplasm,the brain stem,the pineal gland,the nervous system,C,True,0.24466816,0.24040493,0.32988065,0.18504627
Which of the following is a form of harm that might be suffered by research participants?,Physical injury,Stress and anxiety,Impaired development,All of the above,D,False,0.2203922,0.25615925,0.34876317,0.17468543
