0,1,2,3,4,5,MOSS-7B-A800-Base-500-Lora_correct,MOSS-7B-A800-Base-500-Lora_choiceA_probs,MOSS-7B-A800-Base-500-Lora_choiceB_probs,MOSS-7B-A800-Base-500-Lora_choiceC_probs,MOSS-7B-A800-Base-500-Lora_choiceD_probs
Mass-society theory suggests that:,the content of the media is determined by market forces,the subordinate classes are dominated by the ideology of the ruling class,"the media manipulate 'the masses' as vulnerable, passive consumers",audiences make selective interpretations of media messages,C,False,0.02171739,0.7420105,0.07580114,0.16047102
The ecological approach to urban sociology involved studying:,how social groups colonized different areas of the city and competed for resources,the forms of wildlife and natural habitats that could be found on the edges of the city,the way in which people organized collective protests about environmental issues,how men and women used the city's public spaces differently,A,False,0.062916644,0.7908124,0.11042215,0.035848822
Becker proclaimed that cannabis use was:,increasing throughout all sections of youth in the 1970s,learned gradually through the social processes of a deviant career,a dangerous pastime that young people should not be allowed to pursue,not as enjoyable as other sociologists had suggested,B,True,0.035838917,0.5433667,0.3400302,0.08076424
The middle classes that developed over the nineteenth century were:,"an urban set, involved in civic bodies and voluntary associations",too diverse to have a strong sense of class consciousness,often involved in 'white collar' work,all of the above,D,True,0.003903691,0.025455263,0.015439397,0.9552017
Technological forms of surveillance have made it easier to:,access and exchange 'private' information about consumers,reduce prison overcrowding by the use of electronic tagging,monitor employees' activities at work,all of the above,D,False,0.00030834562,0.0038756605,0.9784465,0.017369505
The concept of gemeinschaft developed by Ferdinand Tönnies describes basically the same relational characteristics as,organic solidarity,mechanical solidarity,gesellschaft,anomie,B,False,0.006692791,0.046457175,0.93311733,0.0137327155
There was a growth in income inequality in the 1980s because:,rates of income tax increased equally for all occupational groups,there were more professional jobs available but not enough people to fill them,the price of consumer goods rose at a higher rate than earnings,growing unemployment made more people dependent on welfare benefits,D,False,0.0020778107,0.050340742,0.920636,0.026945457
"If a deviant act is 'normalized', it is:",recognised as breaking an important norm of behaviour,seen a temporary aberration from an otherwise 'normal' character,the first step in establishing a deviant career,attributed to the person's genetic or anatomical make up,B,False,0.7536726,0.24468167,0.0009691926,0.00067660544
"In the debate about the 'managerial revolution', John Scott (1997) argued that:",owners still exercised control through groups of shareholders and interlocking directorships,ownership and management were becoming increasingly separate functions,the techniques of scientific management were overly bureaucratic and inefficient,managers were becoming dissatisfied with their working conditions and planned to overthrow the owners of businesses,A,False,0.026702123,0.71051717,0.099210426,0.16357034
Marxist feminists explain patriarchy in terms of:,a lack of equal rights and opportunities for men and women,"sex classes, through which men oppress women economically, politically and sexually",women's domestic labour being exploited by the capitalist economy,the dual systems of capitalism and male domination,C,False,0.00040942698,0.9961306,0.0012809838,0.0021790268
Which of the following was not defined by Giddens (1998) as part of New Labour's 'third way':,the democratization of the family,putting an end to privatization,"positive welfare: 'a hand up, not a hand-out'",the strengthening of civil society,B,True,0.09701195,0.38368973,0.26370585,0.25559247
Anti-psychiatrists like Laing & Esterson believed that:,Psychiatry was an out-moded form of treatment and should be replaced by alternative therapies like aromatherapy and kinesiology,"Mental illnesses were biological in origin, so there was no point in studying 'the mind' as experienced by the patient",Psychiatrists were agents of capitalism who tried to instill ruling class ideology into their patients,Behaviour that seemed bizarre could be seen as a reasonable response to disturbed patterns of family interaction,D,False,0.060139984,0.6882657,0.09314663,0.15844776
Butler & Stokes (1969) suggested that working class support for the Labour Party arose from:,socialization into working class families and communities,rational calculation of self-interest,issue-based concerns about culture and lifestyle,false consciousness and the acceptance of hegemonic values,A,False,0.018475479,0.17529047,0.0909395,0.71529454
"In contemporary societies, social institutions are:","highly specialized, interrelated sets of social practices",disorganized social relations in a postmodern world,virtual communities in cyberspace,no longer relevant to sociology,A,True,0.9929196,0.005904116,0.00028490476,0.00089138816
The term 'emotion work' (Hochschild 1983) refers to:,the techniques used to consciously manage and present emotions that are deemed appropriate for public settings of interaction,"the work done by psychologists, counselors and therapists to help clients with mental and emotional problems","experiences such as grieving and falling in love, which demand a lot of emotional energy from a person",the way in which increasing levels of risk and anxiety have made us think more reflexively about our self-identities,A,True,0.88004357,0.098738156,0.007855559,0.013362755
"When sociologists study the structure of layers in society and people's movement between them, they call this:",social stratification,social control,social conflict,social solidarity,A,True,0.9935255,0.005907719,0.0003230364,0.00024384065
"The four ideal types of social action that Weber identified were as follows: instrumentally-rational, value-rational, traditional, and...",affectual,affective,effective,infected,A,False,0.054980814,0.22087774,0.41265392,0.31148753
An ecclesia is:,a religious organization that claims total spiritual authority over its members,a church organized around voluntary rather than compulsory membership,a sect or cult with a very small following,a hierarchy of priests or other spiritual leaders,A,False,0.017836763,0.9438919,0.016756088,0.021515243
"After slavery was abolished in the USA and British Empire, policy makers claimed that former slaves migrating to these cities would experience:",assimilation,adaptation,discrimination,compensation,A,False,0.015314736,0.16464894,0.76132894,0.058707386
Sutherland's study of the 'professional thief' suggested that:,people are socialized into a life of crime by associating with others who define it in positive terms,the majority of crime is committed by middle class people in professional occupations,those who were arrested and charged with theft did not define themselves as thieves,the most dangerous criminals on the street were those who were highly skilled thieves,A,False,0.11223819,0.48754048,0.2032371,0.19698416
Which of the following policies did the New Labour government not pursue?,setting and streaming pupils by ability,parental choice of school,supporting LEAs that appeared to be failing,state regulation and control of the curriculum,C,False,0.03926477,0.17597249,0.17055838,0.61420435
"Stone's research suggests that prior to industrialization, the nuclear family:",did not exist in any form,"had begun to disappear, as extended networks of kin became more important",had begun to emerge through the separation of work and home life,was simply another institution of patriarchal control,C,False,0.024841646,0.8487558,0.08670586,0.03969684
"Statistics about rural, suburban, and urban patterns of development and mobility are almost always reported based on a geographical area labeled as Metropolitan Statistical Areas (MSA). What constitutes an MSA?",It includes only the 10 largest cities in the United States.,"It is composed of at least one central city with a population of at least 50,000 and it surrounds densely urbanized counties.",It is an area that experiences strong storms at least 50 percent of the year.,It is a large city with a population of at least 1 million and is immediately surrounded by suburbs.,B,True,0.014051685,0.8426,0.06497434,0.07837401
Mosca and Pareto identified the ruling elite as:,a minority group who fill all the top positions of political authority,a coalition of social forces with specific skills and abilities,a group who circulate between high status positions and exclude others,all of the above,D,True,0.00801583,0.16100223,0.19420578,0.6367762
Bourdieu attributed the reproduction of class to:,cults of the capital,capital culture,cultural capital,culpable capture,C,True,0.0013906191,0.037003003,0.9543201,0.0072863237
Secularization involves the two related ideas of:,disappointment and disproportion,disbelief and disintegration,disengagement and disenchantment,distribution and distillation,C,True,0.00037564064,0.008286499,0.9881926,0.0031452007
The general fertility rate fell between 1964 and 2000 because of:,increases in the age of marriage and the age at which childbearing begins,there being fewer women of childbearing age than there were in the first half of the century,errors in the measurement of birth rates and production of statistics,"the risk of diseases caused by poverty, poor housing and bad sanitation",A,False,0.044167392,0.80773723,0.07057929,0.07751618
Howard's idea of the garden city consisted of:,six small towns surrounded by green belts and linked to a larger central city,"planning cities to have plenty of trees, flowers and public gardens",each privately owned house to have its own front and back garden,tower blocks to displace the population vertically and leave most of the land available as green open spaces,A,False,0.1284225,0.7866832,0.06457489,0.020319391
The 'third age' of the life course is said to involve:,active non-work and independence after retirement,"full time employment, family-building and adult responsibility","illness, isolation and increasing dependence on others","the transition from education to work, and distinctive youth cultures",A,False,0.004256339,0.056949183,0.9191133,0.019681111
Weber (1919) said that the state's monopoly of the use of force was legitimated by:,charismatic authority,rational-legal authority,traditional authority,value-rational authority,B,True,0.0007774753,0.9967964,0.00047156258,0.0019545725
Sullivan's (2000) study suggested that the proportion of housework men did was greatest when:,they had rediscovered themselves as 'new men',their wives were at home and nagged them all the time,exciting gadgets like the hoover and electric iron were invented,they were unemployed or both partners worked full time,D,False,0.014958894,0.76724494,0.0713649,0.14643127
The shift from custodial to joint parenthood after divorce means that:,fathers are more likely to be absent from their children's lives,one parent has total responsibility for the child's welfare and socialization,both parents are expected to co-operate in the continued care of their children,parents must provide for all of their children in equal measure,C,True,0.0011287478,0.03197195,0.96401703,0.0028823589
Émile Durkheim believed the primary focus of sociology should be which of the following?,Social action,Social facts,Class relations,Cultural dynamics,B,True,0.07343159,0.922977,0.0015724018,0.002019004
"The term ""sociology"" was coined in the early 1800s by which of the following?",Auguste Comte,Robert K. Merton,Karl Marx,Emile Durkheim,A,False,0.00069335615,0.006277134,0.001336479,0.99169296
"In their study of depression, Brown & Harris (1978) found that:",women's susceptibility to stress depended on their levels of social support,self-reported depression is highest amongst men and the relatively affluent,men and women have fairly similar levels of diagnosed depression,men are more vulnerable to depression because of conventional gender roles,A,False,0.07209418,0.5327079,0.3231037,0.07209418
The alternative form of 'network organization' means that:,work can be subcontracted out to independent suppliers and retailers,business transactions occur only through electronic communication,"the Japanese model is applied, through lateral networks of flexible roles",activities are redistributed equally between men and women,A,False,0.007220869,0.2709611,0.71388745,0.007930573
Margaret Mead suggested that:,adolescence and gender roles varied between societies and so were culturally determined,gender roles in three New Guinea societies were identical and so must be biologically determined,adolescence in the USA is a time of relative calm compared to the experience in Japan and Europe,anthropological fieldwork can be problematic because the researcher's values affect the way they interpret their observations,A,False,0.015809063,0.18092515,0.01736286,0.785903
The term 'secondary deviation' refers to:,the punishment or stigmatization of deviant acts,the labelling of an act as deviant through social reactions to it,the ways in which taking on a deviant role affects future action,all of the above,D,False,0.024703737,0.6573421,0.08357167,0.23438253
The effect of the Internet upon the public sphere has been to:,"repress it, by promoting only the interests of elite groups","revive it, by reaffirming a commitment to freedom of speech","reproduce it, by emphasizing face-to-face contact with peer groups",replace it with a superior form of communication,B,True,0.030493299,0.9194328,0.027764466,0.022309376
Weber said that the 'spirit of capitalism' could be traced back to:,the movement towards religious pluralism,inspirational Protestant groups who revived religious ideas,new religious movements who rejected traditional forms of labour,Calvinists who engaged in ascetic practices to gain signs of salvation,D,False,0.007791228,0.95862365,0.025546454,0.008038549
The terms 'crisis of the 1970s' is used to refer to:,declining profits and rising unemployment,the eradication of the welfare state,rising divorce rates and the decline of the traditional family,an unfortunate twist in fashion sensibility,A,False,0.051709123,0.88836634,0.039032094,0.020892374
The Macpherson Report highlighted the increasing problem of:,hate crimes: violence against ethnic minorities simply because of their race,institutional racism: systematic forms of disadvantage built into the routines and practices of social institutions,overt racism in the police force that must be tackled by institutional reforms,growing numbers of asylum seekers in need of long term accommodation,B,True,0.0011653447,0.99527293,0.002467035,0.0010947401
Seven people standing silently while waiting for a bus at a bus stop is an example of which of the following?,A primary group,A secondary group,An aggregate,A social category,C,False,0.22579019,0.42183158,0.18718663,0.16519162
Environmentalist social movements are global in the sense that:,they increase our awareness of risks that affect the whole planet,they appeal to universal values and human rights,they use global media to generate publicity,all of the above,D,True,0.0009350188,0.0030658087,0.0021739837,0.9938252
Chodorow (1978) argued that gender socialization occurred through:,"both boys and girls being closely attached to their mothers, but then boys breaking away",girls being attached to their mothers but then breaking away,boys being attached to their fathers and girls to their mothers,"both boys and girls being closely attached to their fathers, but girls breaking away",A,False,0.043898907,0.9097223,0.012190285,0.0341885
The 'new man' of the 1980s was alleged to be:,"sensitive, caring, and emotional","laddish, aggressive, and violent",a strong and dependable breadwinner,openly bisexual and proud of it,A,False,0.03548869,0.5054575,0.38153934,0.077514425
"In the 1960s, comprehensive schools did not eradicate class inequalities in education because:",they tended to recruit pupils from the inner cities and traditionally working class areas,"selective schools could still 'cream off' the most able pupils, while the comprehensives put children into ability streams","teachers in comprehensive schools used the restricted code in the classroom, whereas working class pupils used elaborated codes of speech",national testing and league tables made the new schools highly competitive and selective,B,False,0.019744417,0.10027043,0.09129726,0.78868794
"In idealized views of science, the experimental method is said to involve:",testing out new research methods to see which one works best,isolating and measuring the effect of one variable upon another,using personal beliefs and values to decide what to study,"interpreting data subjectively, drawing on theoretical paradigms",B,True,0.0017346453,0.9868845,0.0055126916,0.00586823
An 'open' society is one that:,grants every member equal status,does not have any official secrets in its government,has permissive attitudes towards sexual behaviour,allows people to move between levels of the hierarchy,D,False,0.046548706,0.45566106,0.05614846,0.44164184
The Nation of Islam group appealed to:,British-born second generation immigrants from the Asian subcontinent,White Americans who wanted to convert to Islam,African-Americans who felt excluded from the 'ethnic melting pot' in the USA,African-Caribbeans who lived in the inner cities and had a distinctive youth culture,C,True,0.0021095145,0.025699148,0.96435344,0.0078377975
Comte's term 'positivism' refers to:,a theory that emphasizes the positive aspects of society,"the precise, scientific study of observable phenomena",a theory that posits difficult questions and sets out to answer them,an unscientific set of laws about social progress,B,True,0.0004369422,0.9986663,0.00047988712,0.00041693318
Theories of racialized discourse suggest that:,race is an objective way of categorizing people on biological grounds,the idea of race is socially constructed through powerful ideologies,race relations in Britain and America can be traced back to colonial times,people choose their racial identity and this becomes fixed,B,True,0.00023390925,0.9987984,0.00049518584,0.00047250968
"A major car accident occurs. One man stops his car and starts helping people. After seeing him stop, others also stop and start helping. Which of the following theories best explains the scenario?",Convergence,Emergent-norm,Contagion,Value-added,B,False,0.003422083,0.07091624,0.9196558,0.006005943
A new highway extends from a major city though an area used for farmland. Which of the following is most likely to happen as a result?,Farmers will increase the acreage under production.,The city will evolve into a multiple nuclei model.,Suburbanization will develop because the time it takes to commute to the city has been decreased.,"People from the countryside will move to the city, depopulating the farmland region.",C,False,0.013462264,0.12379667,0.1277264,0.7350147
"According to W. E. B. Dubois, progress for African Americans in the aftermath of slavery",depended on the small group of African Americans receiving the same thorough and extensive education as the most talented White Americans were able to access,"involved their use of skills they already had from farming, domestic work, and labors of rural life rather than being forced to learn new skills in the late 1800s",required that they be trained and prepared as craftspeople and service employees so they could become immediately self-sufficient,"required them to move to large cities where they would be accepted as equals in government, religion, and education",A,False,0.06495431,0.25689927,0.1510233,0.5271231
Pluralist theories suggest that:,the state's power can be exercised through several different administrative structures,the ruling elite is composed of people from various class backgrounds,political parties must compete for the votes of 'consumers' in the electorate,there is a close alignment between class background and party preference,C,False,0.15273088,0.56746405,0.1842286,0.09557654
The term 'over-urbanization' means that:,life in modern Western cities is so far removed from that of the Third World that we find it difficult to understand these societies,"in poorer countries, the rapidly developing cities drain resources from the rural areas",the extent to which urbanization affects development has been exaggerated,governments are so preoccupied with urbanization in the West that they forget to attend to problems in the Third World,B,True,0.06434102,0.713689,0.17489702,0.047072895
The capitalist class of the mid-twentieth century were said to join the upper class because they:,participated in the same leisure pursuits and events of the 'social calendar',emulated the lifestyle and cultural values of the traditional aristocracy,owned companies and financial assets that generated wealth through corporations,"had direct, personal ownerships of land and businesses as physical assets",C,True,0.0029085402,0.03328648,0.9138361,0.04996892
The term inter-generational mobility refers to:,movement into a different occupational category over a person's lifetime,movement into different occupational categories between generations,movement into a higher occupational category,movement into an occupation that generates a lower income,B,True,0.00040990286,0.99728835,0.0010969569,0.0012047716
"The term 'culture industry', used by members of the Frankfurt School, referred to:",the globalization of culture through new technologies,the way in which cultural products were bought and sold for profit,the development of subcultures and counter-cultures in society,the way in which industrialization had created new means of communication,B,True,0.001319511,0.994521,0.0024651713,0.0016942858
"According to Hakim (1995, 1996), the majority of part-time work is done by women because:",part-time jobs pay relatively high wages and so are financially beneficial,they make a rational choice to combine employment with their 'home-centred' lives,"their choices are constrained by structural factors, such as being unable to afford childcare",full time work is not available in the kinds of occupations that they want to enter,B,False,0.00026095228,0.0070530297,0.9833423,0.009343746
A sect is organised around:,"beliefs that can be challenged by members, a charismatic leader, and openness to new recruits",tolerance towards other religions and the separation of church and state,"voluntary membership, democratic leadership, and high levels of emotional commitment",the idea of the secular world itself as being sacred,C,True,0.0152788265,0.2544153,0.71352535,0.016780509
What is the name of the process by which we acquire a sense of identity and become members of society?,rationalization,colonization,McDonaldization,socialization,D,True,2.2823206e-05,0.00015842446,5.1432893e-05,0.99976736
Pre-testing a questionnaire is useful for:,finding out which topics are important to the respondents,testing out your computer and printer,identifying any problems with the question wording and routing,deciding which respondents to leave out of the final sample,C,True,0.007315779,0.1296753,0.8195731,0.043435782
Judith Butler (1999) suggested that:,sexual characteristics are the biological determinants of gender,"heterosexuality and homosexuality are essential, opposing identities",the 'two-sex' model replaced the 'one-sex' model in the eighteenth century,gender is performed through bodily gestures and styles to create 'sex',D,True,0.005220985,0.104866296,0.32301092,0.5669018
Patterns of drug use in Britain reveal that:,it has increased and is no longer confined to a hedonistic youth subculture,the most commonly used recreational drug is Ecstasy,teenage girls are more likely to experiment with hard drugs than teenage boys,"despite a series of moral panics, the use of illegal drugs is very rare",A,False,0.011311098,0.071488336,0.018648846,0.89855176
Murray thought that the 'underclass' consisted of people who:,formed an inferior 'race' with low levels of intelligence,lived morally unsound lives of crime and squalor,were too reliant upon welfare benefits,all of the above,D,True,0.0071742316,0.061975908,0.020120632,0.9107293
"Religious organizations such as the Church of Norway, Islam, the Church of England, and the Church of Greece have which of the following characteristics in common?",They are cultures as well as churches.,They practice separation of church and state.,They exclude women as clergy.,They are monotheistic.,D,True,0.06416829,0.18567708,0.06028052,0.68987405
"A researcher mailed 1,000 questionnaires to members of a labor union and received 300 back. Most of those who returned the questionnaires indicated that they were dissatisfied with the union. Results based only on the returned questionnaires are most likely contaminated by",response rate bias,researcher bias,confusing correlation and causation,statistical regression,A,True,0.9229095,0.06897756,0.0037717202,0.0043412233
Role-learning theory suggests that,we internalise and take on social roles from a pre-existing framework,we create and negotiate our roles through interaction with others,social roles are not fixed or stable but fluid and pluralistic,roles have to be learned to suppress unconscious motivations,A,False,0.0013162012,0.9920264,0.0036913776,0.0029661052
Post-modernist writers have argued that:,"we live in a world of superficial, fragmented images",no theory is better than any other: 'anything goes',society has changed and we need new kinds of theory,all of the above,A,False,0.011306635,0.043342765,0.01864149,0.9267091
"Leroy visits his parents, who live in a primarily African American working-class neighborhood. During his visit, he notices that the community is changing. Several developments have been built to accommodate single-family homes, and upscale shopping centers have been added. While Leroy appreciates these changes, he is worried that his parents will not be able to afford to continue living in their neighborhood because property values are rising. Which of the following best explains what is happening to Leroy's old neighborhood?",Gentrification,Urbanization,White flight,The demographic transition,A,True,0.956083,0.039462257,0.002296979,0.002157812
Warner's study of the city of Natchez in the American Deep South showed that the 'colour line' there was:,no longer a powerful influence upon race relations,a way of marking out the land so that black people had less space for housing,a new policy that had been introduced to assimilate black and white groups,"a sharp division between black and white castes, underpinned by beliefs about white superiority",D,True,8.462083e-05,0.0016996546,0.00054324226,0.9976725
The social construction of childhood can be traced back to:,the introduction of compulsory education,increasingly emotional ties between parents and children,"new consumer goods for children, such as clothes, toys and books",all of the above,D,True,0.0017305127,0.019497627,0.009502384,0.9692695
"In Marx's theory, the 'mode of production' means:",the way in which products are made in a factory,the average measure of productivity under capitalism,the organization of a society's technical and human resources,an integral part of the superstructure of a society,C,True,0.00037133036,0.0059000556,0.9922368,0.0014917676
The trend of decarceration involves:,community alternatives to imprisonment and institutional care,the increased use of imprisonment as the main form of punishment,transferring the management of prisons to private companies,decentralized organization due to the mobility of capital,A,False,0.14039248,0.807903,0.034404658,0.017299749
The work of Smart suggested that:,the rates of violent crime were similar for men and women,women's sexual delinquency was more likely to be normalized than men's,women's criminal behaviour tended to reflect traditional gender roles,all of the above,C,False,0.0010199675,0.016720671,0.010463528,0.97179586
Allen's (2001) study of nurses showed that:,nurses perform a great deal of emotional labour for which they are not paid,the policies of Project 2000 had the effect of de-professionalising the career of nursing,"more men were moving into nursing, which challenges some of the prevailing stereotypes about the occupation",the role of the nurse was ambiguous and had to be constantly redefined in the context of everyday interactions with other staff and patients,D,True,0.000117366704,0.0021131358,0.0010962803,0.9966732
Which of the following best describes the practice of placing the blame for the problems of a society on one particular group?,Ethnocentrism,Stereotyping,Scapegoating,Institutionalization,C,True,0.00023396948,0.014934669,0.9835666,0.001264827
"Dahrendorf, Rex, and Habermas focused their attention on:",social solidarity and cohesion,the interpretive understanding of action,women's experiences and gendered knowledge,"power, domination, and conflict",D,True,0.00051640504,0.016317874,0.0046751495,0.97849053
Sreberny-Mohammadi (1996) argues that national cultures can resist American cultural domination of the media by:,"domesticating its content, including more 'home-produced' programmes",controlling the distribution of imported products by banning satellite dishes,creating 'reverse flows' of their own programmes back to imperial societies,all of the above,D,True,0.0029248365,0.0148535445,0.0039977776,0.97822386
Mulholland (1998) argued that privatization changed the relationship between companies and managers in that:,flexibility was reduced by the introduction of detailed daily worksheets,the state had greater control than managers over production processes,ownership was transferred from small shareholders to senior managers,employment depended on performance rather than trust and commitment,D,True,0.0077140615,0.08293398,0.17016947,0.7391825
Which of the following is consistent with results of current research conducted in the area of gender roles and the workplace?,"In about a quarter of households with children, men stay home with the children so their wives can work.","Most women believe that there is equal opportunity today between men and women in career choice, advancement, and income.",Most men believe that women should be homemakers because men earn more money.,Most men married to working women do not share housework and childcare obligations equally with their working wives.,D,True,0.004587334,0.065336384,0.05588517,0.87419116
Socialization is:,the formation of an attachment bond between an infant and its carer,a tendency of social theorists to explain everything in terms of social causes,the process of becoming part of a society by learning its norms and values,the historical process by which societies change from traditional to modern,C,True,0.00014389813,0.0022509454,0.99734855,0.00025652617
The term 'assets' refers to:,the culturally valued commodities and standards of living that make the poor feel relatively deprived,the flow of money a person receives from their salary or wage,"a stock of economic resources, including land, shares and bank deposits",the 'slices' of the population who own differing amounts of wealth,C,True,0.00017335704,0.0023194915,0.9961003,0.0014068427
"In the traditional hierarchy of status and precedence, which of these members of the upper class are in the right order (from highest to lowest status)?","Prime Minister, Archbishop of York, Viscounts of England","Marquesses of England, Earls of Great Britain, King's Brothers","Esquires, Serjeants of Law, Dukes' Eldest Sons","King's Grandsons, Lord High Treasurer, Companions of the Bath",D,False,0.14767972,0.3030191,0.36551082,0.18379039
Social norms are:,"creative activities such as gardening, cookery and craftwork",the symbolic representation of social groups in the mass media,religious beliefs about how the world ought to be,rules and expectations about interaction that regulate social life,D,True,1.4060444e-05,0.0001823386,7.367146e-05,0.99972993
The 'nuclear family' means:,a group of people sharing living accommodation and meals,a network of relatives extended within or between generations,the new family created when an adult leaves home and gets married,a two generation unit of parents and their children,D,False,0.0046937848,0.12489698,0.7415475,0.12886164
The rise of new social movements indicates that:,people vote according to pragmatic issues and concerns,consumer identities are more important than class identities,"personal, cultural and environmental issues can mobilise political consciousness just as much as economic interests",all of the above,D,True,0.00015593419,0.0024776333,0.43667045,0.56069595
Which of the following sociological perspectives views society as a system of interdependent and coordinated parts?,Functionalism,Conflict theory,Symbolic interactionism,Role theory,A,False,0.002659449,0.0202746,0.97688496,0.00018097776
Post-Fordist forms of media production and consumption involve:,the mass production of standardized products for passive audiences,television based on producer-broadcaster rather than publisher-broadcaster models,a diverse range of products aimed at niche markets,increasing numbers of advertisements for motoring and car-related products,C,False,0.0035509467,0.9249265,0.05912857,0.012394022
Marx said that the development of the labour movement through factory-based production would turn the working class into:,a class in itself,a class by itself,a class for itself,a ruling class,C,True,0.04101534,0.18965302,0.7270143,0.042317305
"In stage 3 of the 'health transition', the main causes of illness and death are:","acute, infectious diseases such as typhus, measles and cholera",respiratory diseases such as pneumonia and asthma,"chronic, degenerative diseases, such as cancer, heart disease, and strokes",too diverse to put into one category,C,True,0.00029177085,0.007293354,0.9855634,0.0068514715
Sociologists like Bordo (1993) have attributed the 'epidemic' of anorexia in Western cultures to:,"a generally ascetic, frugal lifestyle that can be taken to extremes","traditional images of women as emotional, domesticated, and unassertive","the social construction of mental illness, through which 'normal' patterns of behaviour are pathologized","the new ideal of independent, self-assured femininity, combined with cultural values of achievement and control",D,False,0.0006137035,0.0061981855,0.9792203,0.013967827
One of the difficulties in 'operationalizing' concepts like social class is that:,"definitions and indicators can vary, making valid comparisons problematic",there are no reliable indicators of such widely contested ideas,it takes all the fun out of armchair theorising,"it has little use for applied, empirical research about the topic",A,True,0.7656348,0.21935804,0.0056658406,0.009341392
"In the 1990 reform of the National Health Service, hospitals became:",self-governing trusts competing for purchasing contracts from health authorities,"state-controlled providers, dependent on funding from the central government",increasingly detached from health authorities and providers of private health care,"less inclined to run themselves efficiently, as demand for health care was falling",A,False,0.06300236,0.74391156,0.16598912,0.027096977
Law and order was privatized in the 1980s and 1990s through:,the expansion of private security companies,the building of private prisons,the introduction of market disciplines to measure police performance,all of the above,D,True,0.0024204298,0.040303774,0.010847614,0.94642824
The 'correspondence principle' (Bowles & Gintis) suggests that:,schools prepare children for work by teaching them to be obedient,teachers and parents tend to have similar attitudes to learning,children who write lots of letters develop a better grasp of language,boys' and girls' educational achievements have recently become similar,A,False,0.08358634,0.42448646,0.17150803,0.3204192
Class segregation was apparent in mid-twentieth century Britain insofar as:,middle class owner-occupiers moved into the inner city through gentrification,"working class communities formed in the inner cities, while the middle classes moved out to the suburbs",the middle classes lived in the countryside while the working class lived in the city,"the upper and middle classes dominated public space, while working class people were more home-centred",B,True,0.0021562653,0.9857253,0.005681003,0.006437419
Charles Cooley's theory of the looking-glass self emphasizes,the manner in which young children come to a realization that they have a separate identity,the difficulty one experiences in seeing oneself as others do,how one's self-concept is based on one's perception of how others see one,how one's self-concept is heavily influenced by one's physical appearance,C,True,0.0013220656,0.030090075,0.965789,0.0027988132
Queer Theory makes the claim that:,heterosexuality is the normal and most desirable way to be,"the sexual categories and discourses we use are based upon true, underlying biological differences",deviant forms of masculinity are seen as more threatening to the gender order than deviant forms of femininity,"all sexualities are pluralistic, fragmented and frequently reconstructed",D,True,3.267943e-05,0.00034588997,0.00026109145,0.9993604
Scott (1991) introduced the term 'power elite' to describe:,"the ruling class, or bourgeoisie, who exploit the proletariat",a capitalist class dependent on property ownership and advantaged life chances,an alignment of classes with shared interests but no state power,a state elite whose members are drawn overwhelmingly from a power bloc,D,False,0.00832816,0.58384913,0.095310755,0.31251192
"A sociologist is conducting research on institutional power relations at a local hospital. The sociologist is on staff at the hospital for several weeks, recording data as field notes. This method of research is called",experimentation,secondary data analysis,participant observation,survey administration,C,True,0.00041405778,0.0071135415,0.9917789,0.0006934162
"In Symbolic Interactionist theory, Mead defined the 'generalized other' as:",the group of structural theories of society that he was reacting against,the overall impression of ourselves that we try to give off to others,a significant figure in early childhood who teaches us the general values of society,an image of how people in the wider society might perceive our behaviour,D,True,0.004544818,0.31861633,0.02308049,0.6537583
"According to Davis (1995), women may seek cosmetic surgery because:",they have a deep-rooted sense of ineffectiveness and are striving for control,"they are in pursuit of the 'perfect' body, fuelled by images of beauty","they perceive a part of their body as stigmatizing, in relation to a cultural ideal",their male partners pressurize them to look like supermodels,C,False,0.015775172,0.7842182,0.16959909,0.030407438
Marx (1844) claimed that capitalism had alienated workers from:,the product they were making,the production process,each other and humanity in general,all of the above,D,True,0.002041133,0.051825378,0.10971432,0.8364192
Herberg's (1955) study of religion in America suggested that:,ethnic minorities practised religion to achieve social acceptance in the culture,mainstream faiths were becoming increasingly identified with national identity,the moral teachings of the main religions were becoming relatively similar,all of the above,D,True,0.011880705,0.0377568,0.006561148,0.9438013
Structural-Functionalists describe society as:,a complex network of interaction at a micro-level,"a source of conflict, inequality, and alienation",an unstable structure of social relations,a normative framework of roles and institutions,D,True,9.293862e-05,0.001753623,0.00047198124,0.9976814
Booth's (1901) study revealed that the percentage of people in London who were living in poverty was:,30.70%,27.50%,18.60%,33.20%,A,False,0.13167955,0.33625552,0.26187608,0.2701889
Traditional working class identity was based around:,shared working conditions in the manufacturing industry,the class consciousness of members of the proletariat,"local communities, extended kinship networks and shared leisure pursuits",collective aspirations to move into the middle class,C,True,0.0004539502,0.053295784,0.9446904,0.0015598774
Bernstein thought that using 'restricted codes' of language disadvantaged pupils at school because:,this pattern of speech made them the target of bullying,"they referred to explicit, context independent meanings",they prevented children from communicating outside of their peer groups,"they involved short, simple sentences with a small vocabulary",D,False,0.013249081,0.13805859,0.770029,0.078663416
Telework is a form of employment that involves:,running one's own business through telephone helplines or hotlines,"working at home for an outside employer, using information technology","babysitting and other jobs within a local network, through the informal economy",combining non-manual work with the leisure activity of watching television,B,True,0.00011051412,0.99900824,0.00045096662,0.00043031535
Frank (1967) made the claim that 'underdeveloped' societies were:,insufficiently involved in the international capitalist economy,reluctant to surrender their traditional ways of life,economically dependent on the wealthy countries that exploited them,the 'metropoles' to which 'satellite' countries were attached,C,True,0.020946218,0.2115493,0.71566206,0.051842388
The case of the former Soviet Union supports Kerr et al.'s (1960) claim that:,totalitarian regimes are incompatible with the requirements of advanced industrial technology,democratic governments serve the interests of a ruling elite,advanced industrial technology strengthens the power of totalitarian regimes,communist societies disperse power between various political parties,A,False,0.14210105,0.5982678,0.20039462,0.059236534
The print revolution of the nineteenth century resulted in:,"mass production, mass circulation, and the decline of serious content",the public ownership of newspapers as a shared resource,more people going to the cinema as a new leisure activity,a reduction of 'virtual communities' on the Internet,A,True,0.54327863,0.41008824,0.026216062,0.02041709
The term 'feminist standpoint' suggests:,taking a stand on the issues neglected by feminism,studying society from the perspective of women,the recognition of difference and diversity in women's lives,a tendency to ignore the gendered nature of knowledge,B,True,0.0006981921,0.9986098,0.0003002887,0.0003916503
Ethnographic research produces qualitative data because:,the findings are amenable to statistical analysis,it is conducted over a period of several years,"it uncovers rich, detailed accounts from an insider's perspective",it compares findings from a number of different cases,C,True,0.00015026022,0.0053802687,0.99375266,0.00071685144
Marx proclaimed that religion would disappear when:,a new trend of moral individualism became established,a socialist revolution removed the need for capitalist ideology,church attendance dropped below 15%,people came to believe more in science and technology,B,True,0.010977924,0.8720845,0.07862081,0.03831672
Which of the following is not a feature of globalization?,an increasing awareness of the world as a whole,the extended power of nation states,the destruction of distance through communications technologies,the stretching of social relations beyond national boundaries,B,True,0.1449135,0.446365,0.20436078,0.20436078
Someone who gains a higher (or lower) social position than he or she was born into has experienced,absolute poverty,relative poverty,vertical mobility,horizontal mobility,C,True,0.00031376554,0.10331326,0.8924904,0.0038826417
A survey should avoid asking:,fixed-choice questions,short questions,leading questions,funnelled questions,C,True,0.03240142,0.1864573,0.61136997,0.1697713
"The theory of development which suggests that societies move from traditional to modern, industrial forms of organization is called:",Westernization theory,Modernization theory,Industrialization theory,Dependency theory,B,True,0.001392789,0.98614967,0.0113028865,0.0011546625
"In modern societies, social status is typically measured by a person's:",age,income,verbal fluency,occupation,D,True,4.2613796e-05,0.0006562574,0.00013332677,0.9991678
Sociology differs from common sense in that:,it focuses on the researchers' own experiences,it makes little distinction between the way the world is and the way it ought to be,its knowledge is accumulated from many different research contexts,it is subjective and biased,C,False,0.021417076,0.66626567,0.23756434,0.074752934
World-affirming religions:,embrace conventional cultural values but offer new means of achieving them,react against the loss of any meaningful religious content in the teachings of churches,adopt an attitude of mild disapproval towards mainstream social values,reject both the goals and means of conventional society and provide utopian alternatives,A,False,0.0037648492,0.044454124,0.030552842,0.9212282
The 'extension pattern' that Parker (1976) identified was said to be:,"the lifestyle of clerical and unskilled manual workers, who saw leisure time as a chance to escape from alienating work","characteristic of professionals and skilled workers, whose work interests spilled over into leisure time","a neutral balance between work and leisure as neither connected nor oppositional, as evidenced by semi-skilled manual and clerical workers",the tendency of students to leave essay-writing until the last minute and then ask for an extended deadline,B,False,0.046224695,0.42507437,0.45248932,0.07621164
Weber defined a 'class situation' as:,the exploitation of the working class by their capitalist employers,a social group's consciousness of their status and life chances,"a person's position in the capital, product and labour markets, based on their economic resources","the lifestyle of a social class, as defined by patterns of consumption",C,True,0.0030266033,0.10022733,0.8933165,0.0034295907
The introduction of market principles to educational policy in the 1980s resulted in:,more funding for students in higher education,the delegation of power and budgetary control to LEAs,a reduction in parental choice of school,increased state regulation through national testing and inspections,D,True,0.005012611,0.07599799,0.07599799,0.8429915
Smith & Tomlinson argued that:,differences in ethnic background were more significant than class or gender in predicting educational achievement,racism in schools undermined the move towards equality of opportunity for children from ethnic minorites,school character far outweighed ethnic background in determining educational success,gender differences in educational achievement could be attributed to inequalities of class,C,False,0.062096678,0.8308444,0.06819986,0.03885911
The 'post-industrial society' identified by Bell (1973) involved:,the increasing power of trade unions in resolving industrial disputes,a resurgence of interest in industrial production and manufacturing,"a shift towards a service economy, based on knowledge and information",all of the above,C,False,0.0023416704,0.013903136,0.27066028,0.7130949
White-collar crime is low in visibility because:,it involves only small amounts of money,the proletariat can outsmart the bourgeoisie,the police turn a blind eye to corporate crime,it goes undetected in the context of everyday business transactions,D,True,0.00011037763,0.0009098525,0.0012053588,0.9977744
"With industrial capitalism, leisure emerged as a concept that meant:",distinct periods of non-work and relaxation,regulated and organized activities to reduce social disorder,"the growth of civic, municipal culture through public libraries, museums and art galleries",all of the above,D,True,0.003282502,0.019489113,0.008382163,0.96884626
A moral panic occurs when:,"the media exaggerate reports of deviant groups, generating hostile reactions",children watch violent or sexually explicit films and then copy the behaviour,audiences challenge the ethnic stereotypes represented by the media,elitists express concern with the Americanization of culture,A,True,0.6244743,0.34486747,0.011800716,0.01885749
The 'demographic transition' is a social trend that involves:,"a reduction in population size, caused by a higher rate of emigration than immigration",a change in the principal causes of death and disease since industrialization,"increased birth and death rates, resulting in a relatively young population","a decline in the birth rate, greater life expectancy, and an ageing population",D,True,0.0004373703,0.006631128,0.008784817,0.98414665
'Snowballing' is an example of:,probability sampling,non-probability sampling,cluster sampling,using the Christmas vacation constructively,B,True,0.0038644385,0.9756134,0.0074489005,0.013073226
The 'class polarization' that Marx predicted referred to:,the division of each social class into the more or less privileged,"a growing gap between rich and poor, resulting in class consciousness",the growth of intermediate strata in the middle classes,the tendency for the working class to live in very cold places,B,True,0.048352238,0.9123398,0.02588109,0.013426932
"In the context of the labour movement in the nineteenth century, 'incorporation' meant:",including union representatives in processes of policy decision making,creating links between the state and corporate organizations,recruiting women into full time paid employment,including working class organizations in political bargaining and representation,D,True,0.0004090972,0.0031679117,0.0010948009,0.9953282
Millions of immigrant children who entered the United States learned English and the duties of citizenship while attending public schools in the communities in which they settled. This is an example of which of the following sociological concepts?,Acculturation,Collective behavior,Social stratification,Social mobility,A,True,0.8905913,0.077819,0.009294155,0.022295518
The capitalist world economy is what Wallerstein (1974) would call a 'world system'. This term refers to:,a means of transporting money between different areas of a country,an empire with a bureaucratic administration but no political centre,an awareness of risks and dangers that affect the environment as a whole,a unit with a division of labour that extends across ethnic and cultural groups,D,True,4.751761e-05,0.00077897223,0.00045793413,0.99871564
"According to Foucault, carceral organizations:",emphasised human relations and employee satisfaction,increased the amount of power held by managers,stripped inmates of their previous identities,isolated people and put them under surveillance,D,True,2.7095486e-05,0.00023406927,0.00025707483,0.99948174
Which of the following is not recognised as a level of society?,the household,the office,the global village,the nation state,B,False,0.12814143,0.30739534,0.39470342,0.16975982
Ethnic identity refers to:,the objective categories of ethnicity used in the census,"a felt sense of group membership on the basis of religion, language, or history",the imposition of a racial label on a minority by a powerful majority,the fragmented and pluralistic nature of ethnicity,B,True,0.00039182027,0.99904317,0.00024519485,0.0003197944
Marriage appears to be in decline because:,the proportion of people living alone has fallen to 29%,many people are cohabiting in long term relationships,the upward curve of remarriages compensates for the drop in first marriages,all of the above,B,False,0.015415683,0.14175999,0.05215059,0.79067373
The market model of state welfare is based on the principle of:,"individuals buying welfare privately, with some means-tested benefits",regular benefit payments to men as earners of the 'family wage',"a universalist system of welfare for all, regardless of income",decommodifying social welfare through state provision,A,False,0.067494005,0.8483462,0.06541743,0.018742409
The term feminization of poverty refers to:,the critical deconstruction of 'poverty' by feminist theorists,"women's increased chances of being in poverty, due to low pay and greater welfare dependency",the way in which managing a budget and avoiding poverty tends to be a woman's responsibility within the home,the disproportionate number of female sociologists who do research on poverty,B,True,0.00025684285,0.99857986,0.00046508232,0.0006981712
Which of the following is not identified as a new form of community?,"ethnic communities, based on shared identity and experiences of discrimination","gay villages, which are formed in certain parts of large cities","sociological communities, formed by unpopular lecturers",virtual communities that exist only in cyberspace,C,True,0.13374966,0.31097728,0.34154174,0.21373136
The use of 'indentured labour' in the nineteenth century involved:,people being transported to the British colonies and forced to work for one employer under poor conditions,the sale of African people through the slave trade in the 'Atlantic triangle',selecting the most skilled workers in factories to promote their employer's company overseas,extracting the teeth of the laziest workers to stop them from talking,A,True,0.95384437,0.041908998,0.0025168308,0.0017297909
Cultural restructuring has involved:,regenerating cities in economic decline,turning industrial landscapes into tourist attractions,selling sites and images through the 'symbolic economy' of media advertising,all of the above,D,True,0.00028937552,0.0034168528,0.106295176,0.8899986
Which of the following was not part of Weber's ideal type of bureaucracy?,impersonal rules,extensive paperwork,hierarchy of officials,Salaries,B,False,0.029539984,0.080298,0.12831585,0.76184624
Which of the following is the most important agent of socialization in early childhood?,A preschool provider,A peer group,The mass media,The family,D,True,0.00017381801,0.0009396513,0.00013750137,0.998749
Which of the following is not a 'research purpose'?,triangulation,explanation,description,exploration,A,False,0.14202157,0.31020364,0.26533124,0.28244364
'Scientific' theories in the nineteenth century tried to explain race in naturalistic terms. Which of the following ideas was not considered?,genetics,evolution,height,brain size,C,False,0.1505953,0.25617126,0.264303,0.3289304
Which of the following is not a regular national survey carried out by the British government?,Labour Force Survey,General Household Survey,Fashion Sensibility Survey,Family Expenditure Survey,C,True,0.059334714,0.14685482,0.5992594,0.19455104
Which of the following industries did Blauner (1964) suggest was most alienating to its employees?,machine-based factory work,textile work as craft production,car manufacturing in assembly plants,chemical processing with automated practices,C,True,0.2817314,0.14166345,0.47924128,0.09736378
The 'decentralized city' can be identified by:,the shift of employment and services away from the inner city towards multiple centres in smaller towns and rural areas,the degendering of public space as women use local facilities more,gentrification: the movement of middle class people back into the inner city,all of the above,D,True,0.0033964927,0.020165905,0.0047898223,0.97164774
Lombroso claimed that:,criminals were socialized into an 'underworld' of crime,no act is intrinsically deviant,biological failings drove some people into crime,women were less likely to be arrested than men,C,True,0.003684315,0.089262776,0.9015221,0.0055308114
Warner and Myrdal claimed that black former slaves were not joining the 'ethnic melting pot' of the North American cities because:,"the white population did not believe in liberty, equality, and democracy",they wanted to retain a strong sense of their original ethnic identity,they were not prepared to leave the Southern states and move to North America,the promise of citizenship was contradicted by continued discrimination,D,True,0.0003547135,0.003161527,0.003161527,0.9933222
"When Berger & Luckmann said that reality is socially constructed, they meant:","scientists are guided in their work by social values and interests, so they define and measure phenomena that will support their theories","people negotiate shared definitions of their situation and live according to these, often forgetting that these social worlds are not fixed and external",sociologists decide what constitutes social reality and measure only that,terms like 'reality' have no deeper meaning beyond the level of discourse,B,True,0.00077691715,0.9960808,0.0014975469,0.0016447335
Which of the following groups or organizations can be identified as having the characteristics of a bureaucracy?,"An extended or consanguine family, including all the relatives by blood, marriage, or adoption",The government of a large city,A book club in which books are chosen by members who take turns alphabetically to lead discussion,The volunteers who gather annually to clean the neighborhood,B,True,0.0030239346,0.95009196,0.024540106,0.022344021
Pilcher (1999) identified soap operas as a 'feminine genre' of media because:,most of the characters in soap operas are women,they represent images of women as both domesticated and independent,they alienate women and appeal to an audience of men,female television producers are most likely to work in this area,B,True,0.0040531494,0.99177295,0.0016376204,0.002536396
Which of these was not one of Townsend's (1979) indicators of relative deprivation?,lacking exclusive use of a bath or shower,living in housing with serious structural defects,buying fewer than twenty DVDs in the previous year,going without a week's holiday in the previous year,C,True,0.06419883,0.20402347,0.4057491,0.3260286
Children who are still sucking their thumbs when they enter kindergarten are often subject to teasing and ridicule for this behavior. What type of social sanction is applied in this instance?,Formal positive sanction,Formal negative sanction,Informal positive sanction,Informal negative sanction,D,True,0.015719479,0.25369954,0.062171746,0.6684092
The concept of political culture refers to the,"way that cultural products, such as novels or paintings, reflect the political ideologies of their creators",basic beliefs and orientation toward politics that are shared widely by the members of a culture,political beliefs and attitudes shared by people in public offices,ideological biases of the mass media,B,True,0.0011326427,0.9980502,0.00050260714,0.00031452352
"Walt Disney, Sony and Time Warner are examples of:",transnational corporations,multi-media empires,ownership concentrated within one medium,government-owned companies,A,False,0.42632565,0.48309025,0.07886232,0.011721837
Equilibrium theories of social change emphasize,globalization,stability and the structure of society,secularism and mechanization,industrialization,B,False,0.0010997055,0.05640413,0.003283114,0.9392131
Which of the following best describes the definition of poverty used by the United States government?,It specifies the poverty line at a level set in the 1960s and adjusted since to reflect inflation.,"It includes the value of government services, such as Medicaid or public housing, when setting the poverty line.","It is based on the concept of relative deprivation, and the poverty line changes as the distribution of income changes.","It is based on the concept of lifestyle, and the poverty line varies according to the needs of the individual.",A,True,0.56428796,0.4001401,0.021879818,0.013692041
The 'absolute' poverty line is drawn to show:,the most extreme level of poverty that is found in a society,the estimated minimum level of income needed for subsistence,"households that are poor, relative to the norms and values of their culture",the areas of a city in which poverty is concentrated,B,True,0.0009679848,0.9972097,0.0008542436,0.0009679848
'Eyeballing' is a technique that involves:,reading a textual document quickly to understand the gist of it,gathering a sample from whoever you can see in a public place,scanning a table to identify general patterns and significant figures,keeping your eyes on research participants at all times,C,False,0.01738701,0.22547819,0.06261304,0.6945217
Which of the following was not a strategy used by the Conservative government of 1979 to reduce the power of the labour movement?,making all strike action illegal,imposing restrictions on picketing,banning political strikes that were not primarily concerned with the worker's own conditions of work,making secondary action (in support of workers elsewhere) illegal,A,False,0.068621844,0.18079448,0.28890878,0.4616749
"In the nineteenth century, homosexuality was understood as:",a positive identity in which gay people could take pride,"an absolute taboo, which meant that all homosexuals were isolated",a subordinate form of masculinity that threatened 'compulsory heterosexuality',confirmation of the two-sex model,C,False,0.0063276915,0.828764,0.15817238,0.0067357924
The population pyramid of a population that has had a slightly larger birth rate than death rate for several generations will most likely have which of the following shapes?,Wider at the top than in the middle,Wider at the bottom than at the top,Bulging in the middle,Having parallel sides,B,True,0.108154014,0.48471266,0.38947758,0.017655658
The 'new racism' refers to:,"a subtler form of prejudice, masked by nationalist pride",a post-modern deconstruction of racist ideas to reveal their lack of depth,"racist practices found in newly emerging areas of social life, such as cyberspace",an anti-fascist movement which challenges nationalist politics,A,False,0.12107897,0.6545467,0.09139519,0.13297923
Giselle graduated from college with high honors in management. She was recruited immediately following college by a large corporation and accepted a position in junior management. She quickly advanced to middle management. Ten years later Giselle was still in a middle-management position and had witnessed junior male colleagues promoted over her. Which of the following is a phenomenon that is most likely to explain Giselle's lack of promotion?,Glass ceiling,Gender constancy,Underemployment,Glass elevator,A,True,0.9683705,0.0258062,0.0022199613,0.0036033527
The Mafia is an example of:,white collar crime,organized crime,non-criminal deviance,global terrorism,B,True,0.00031452635,0.9980592,0.0011686072,0.00045763314
Goldthorpe identified the 'service class' as:,"those in non-manual occupations, exercising authority on behalf of the state",people working in consultancy firms who were recruited by big businesses,the young men and women employed in domestic service in the nineteenth century,those who had worked in the armed services,A,False,0.06237575,0.5735967,0.3372001,0.026827477
Industrial production in the nineteenth century was characterized by:,increasing numbers of women in high status positions,cottage industries and homeworkers doing piecework in the domestic sphere,the 'managerial revolution' by which ownership and control became separate,power-driven machinery and the concentration of workers in large workplaces,D,True,8.0453414e-05,0.0020427522,0.0038163634,0.99406046
The term 'collective consumption' (Castells 1977) refers to:,the privatization of public services by the Conservative government,the lifestyle practice of shopping in peer groups,the form of tuberculosis suffered by those who collect stamps,"the provision of health, housing, and education services by the state",D,True,0.00016569345,0.0013238036,0.00075428054,0.9977563
The deviant subculture of homosexuals who met in seventeenth and eighteenth century London was called the:,pollies,mollies,dollies,lollies,B,True,0.11583713,0.48769253,0.261043,0.13542733
Robert and Tanya are married and live with their three children. Their family unit is called,a family of orientation,a nuclear family,an extended family,a communal family,B,True,0.0036753097,0.98770833,0.007084345,0.0015320971
"In Durkheim's work, the term 'collective representations' refers to:",effervescent ceremonies that create a feeling of belonging,images of gods or totems that are widely recognized,"shared ideas and moral values, often symbolized by an object or figurehead",ideological tools used to obscure class divisions,C,True,7.584102e-05,0.0020498342,0.9975068,0.00036751505
Which of the following is not a characteristic of totalitarian societies?,indoctrination and propaganda,freedom of movement for citizens,one-party rule,a centrally planned economy,B,True,0.09550429,0.68397486,0.11885701,0.10166378
Freud's notion of the 'ego' referred to:,the unconscious mass of instinctive drives that may be repressed,the self as a whole: an unstable mix of conscious and unconscious elements,"the conscious part of the mind that regulates emotional drives on a practical, rational level",the neurotic part of the mind that longs for belonging and may suffer an inferiority complex,C,False,0.01843024,0.7361934,0.23900701,0.006369321
Which of the following theories focuses on how society manages to carry out the activities necessary to maintain order and stability?,Functionalism,Interactionism,Rational-choice theory,Conflict theory,A,True,0.5499906,0.37800264,0.035159722,0.036847074
Which of the following is a personal document with closed access?,government 'white paper',confidential medical records,household account book,the shares register of a business,C,False,0.012110955,0.96209234,0.0124953985,0.013301282
The tripartite system used the 11+ exam to select pupils for:,popular schools that lay outside their catchment area,"private, public and comprehensive schools","grammar, technical, and secondary modern schools","polytechnics, colleges and universities",C,False,0.060072236,0.48750365,0.4041547,0.0482694
Durkheim defined social facts as:,"ways of acting, thinking, and feeling that are collective and social in origin",the way scientists construct knowledge in a social context,data collected about social phenomena that are proven to be correct,"ideas and theories that have no basis in the external, physical world",A,True,0.9895443,0.009402677,0.0006201738,0.00043295108
The media-themes model of media influence claims that:,audiences selectively interpret what they want to hear,content analysis is the best way to identify the themes covered by the media,audiences passively absorb whatever messages they are given,social interaction reinforces the ideas and images that audiences select,D,True,0.022969833,0.19232407,0.33753923,0.44716683
Bowlby's maternal deprivation thesis claimed that:,mothers who are living in poverty cannot afford to give their children the resources that other children enjoy,"children deprived of an early, secure attachment to their mother are prone to suffer physically, intellectually and socially in later life",'mothering' is a socially constructed activity identified in the narratives of new mothers,"deprivation is something children inherit, usually through their mother's side",B,True,0.0007196156,0.9975846,0.0006155198,0.001080271
War became possible between nation states in the nineteenth century because:,the world was divided into several rival overseas empires,"industrialization provided better transport, technology and administration","there was intense economic, political and military competition",all of the above,D,False,0.000117156225,0.001519305,0.99488586,0.0034777238
Which of the following is not identified by Fulcher & Scott as a criterion of community?,a shared sense of identity and belonging together,common activities involving all-round relationships,a fixed geographical location,collective action based on common interests,C,True,0.1542012,0.2542348,0.43246797,0.15909608
The 'Great Migration' of 1916-1919 meant that Chicago became an ethnically diverse city. The consequence of this was:,assimilation: all racial boundaries were dissolved by the 'ethnic melting pot',multiculturalism: all ethnic identities were celebrated equally,"most ethnic groups were integrated into mainstream society, but the black population remained in the city's ghettos",racism: the white host population were hostile and prejudiced towards migrants,C,True,0.00274381,0.03140124,0.94680905,0.019045817
"According to Scott (1990), a document is 'authentic' if it:","is a sincere and accurate account, free from political bias",is representative of all the similar documents that did not survive,has both a literal and an interpretable meaning,"is a 'sound' original, or reliable copy, of known authorship",D,True,0.021195132,0.07632661,0.055841736,0.8466366
Which of the following is not a consequence of global tourism?,decreased rates of prostitution and sex tourism,developing countries can depend on it as a crucial source of income,"the exploitation of cheap, unregulated labour in poor countries",we have become more aware of 'other' societies and ways of living,A,False,0.014096396,0.11087675,0.8192745,0.05575233
Which of the following did Thatcher's government not strive to achieve:,marketization and privatization,"individual freedom, choice and responsibility","generous financial benefits for single parents, students and the unemployed",the rolling back of the welfare state,C,False,0.019248227,0.06718291,0.21350686,0.70006204
One of the ethical problems with covert participant observation is:,not being able to write comprehensive fieldnotes or record conversations,deceiving the respondents as to the reason for your presence,observing people outside of their natural setting,subjecting the participants to physical harm,B,True,0.0036855699,0.99046564,0.0031524352,0.0026964205
The embourgeoisement thesis suggests that:,capitalists are being replaced by salaried managers with bureaucratic authority,the affluent working class is adopting middle class values and ways of life,white collar occupations are being 'deskilled' by the introduction of new technologies into the workplace,the class structure has fragmented and there are no longer any distinct social classes,B,True,0.03135968,0.9455559,0.011902792,0.0111816395
Women have been excluded from the public sphere because:,industrial capitalism separated the middle class home from the workplace,those who enter paid employment have been 'sidelined' into particular fields,it is difficult to succeed in 'malestream' politics without compromising their femininity,all of the above,D,True,0.0017296509,0.082047194,0.006132145,0.910091
Economic aid has largely failed to promote modernization in the developing countries because:,there are no clearly defined projects into which the money can be directed,the United Nations has refused to call on rich countries to provide it,debt repayments with interest can be greater than the amount of money received,debt repayments with interest can be greater than the amount of money received,C,False,0.0062580816,0.054061577,0.32097837,0.618702
How is terrorism different from the types of crime described by the Chicago School?,"it is committed on a larger, often global, scale, and is well organized",it is associated with political conflict between states and their citizens,it can have far-reaching effects upon international relations,all of the above,D,False,0.09354404,0.5383088,0.009556126,0.35859096
The human relations approach emphasized the importance of:,scrutinizing employees as they interacted with customers,"teamwork, communication and employee satisfaction",strict control and discipline to ensure high productivity,providing therapy and counselling in the workplace,B,True,0.00059653877,0.99751174,0.000828212,0.0010634452
Which of the following did Domhoff not identify as a process of decision-making in the USA?,the ideology process,the exploitation process,the policy-formation process,the candidate-selection process,B,False,0.08601483,0.25679284,0.23381254,0.4233798
