0,1,2,3,4,5,MOSS-7B-A800-FlashAttentionSparse-0_correct,MOSS-7B-A800-FlashAttentionSparse-0_choiceA_probs,MOSS-7B-A800-FlashAttentionSparse-0_choiceB_probs,MOSS-7B-A800-FlashAttentionSparse-0_choiceC_probs,MOSS-7B-A800-FlashAttentionSparse-0_choiceD_probs
The main factor preventing subsistence economies from advancing economically is the lack of,a currency.,a well-connected transportation infrastructure.,government activity.,a banking service.,B,True,0.2739204,0.35172075,0.16102949,0.21332942
The tendency for a population to continue to grow long after replacement fertility has been achieved is called,zero population growth.,rapid growth rate.,homeostatic plateau.,demographic momentum.,D,True,0.22281776,0.30455577,0.14842862,0.32419792
The tendency for migration to decrease with distance is called,push factors.,pull factors.,distance decay.,migration selectivity.,C,False,0.23139817,0.59089595,0.10930476,0.06840117
"Which zone contains low-income slums, ethnic ghettos, and general deterioration in Burgess's concentric zone model of urban form?",First,Second,Third,Fourth,A,False,0.27894962,0.393382,0.19171908,0.1359492
Which of the following statements is TRUE concerning women in the labor force?,Most women work in agriculture,The percentage of women economically active in the labor force declined worldwide,The percentage of women in the total labor force declined,Women spend more hours per day working than men in all regions except Anglo America and Australia,D,False,0.1609355,0.34070048,0.18815269,0.3102113
All the following factors can be considered pull factors of migration EXCEPT,safety.,better climate.,better schools.,overcrowding.,D,True,0.17114198,0.3098981,0.13328552,0.38567442
Which of the following countries does NOT have a well-known example of a relict boundary?,Vietnam,United Kingdom,Germany,Bolivia,D,False,0.16812368,0.37887254,0.15793757,0.29506624
Which form of migration below are farm workers from another country most likely to be practicing during the year?,Chain migration,Cluster migration,Circular migration,International migration,C,False,0.1680666,0.33424035,0.20272702,0.29496607
Which of the following is a centrifugal force in a country?,Religious differences,A national holiday,An attack by another country,A charismatic national leader,A,False,0.22082146,0.27481675,0.22082146,0.28354037
Early settlements and high population density along coastlines and rivers are best attributed to which of the following?,Mediterranean climate,Limited forest cover,Growth of manufacturing,Access to trade routes,D,True,0.14019929,0.31594396,0.17448083,0.3693759
The first stage of the demographic transition exhibits,high birth rates with high but fluctuating death rates.,declining birth rates with continuing high death rates.,low birth rates with continuing high death rates.,high birth rates with declining death rates.,A,False,0.37256446,0.47838226,0.07569107,0.0733623
What is the population statistic that tells us the level of fertility at which a population will have just enough births to replace parents and compensate for early deaths?,Crude birth rate,Replacement level,Mortality rate,Total fertility rate,B,True,0.17695655,0.4518744,0.12162035,0.24954876
What is the most rapidly growing religion in the United States today?,Islam,Christianity,Hinduism,Buddhism,A,False,0.24940082,0.5798743,0.09466188,0.07606295
The outlying area serviced by a urban center is referred to as a,redline area.,threshold.,range.,hinterland.,D,False,0.20580935,0.39670792,0.12482968,0.2726531
The best definition of an urban area is,the central city and its developed areas.,the central city and its surrounding suburbs.,the central city and its hinterlands.,the central city and the adjacent counties.,B,True,0.36921313,0.4316539,0.0933517,0.10578133
Which of the following religions developed first?,Buddhism,Christianity,Islam,Hinduism,D,False,0.26112592,0.37993598,0.17946905,0.17946905
Which one of the following is NOT a characteristic of world cities?,World cities contain the headquarters of many transnational corporations.,World cities are well connected to secondary-level world cities.,World cities contain many offices of multinational organizations.,World cities are found only in the northern and western hemispheres.,D,True,0.11547826,0.268495,0.17335339,0.44267341
Which type of transportation system created the star-shaped city pattern?,Highways to airports that link cities,Interstate highways that link cities,Beltways around cities,Streetcar and trolley lines extending from the CBD,D,False,0.22044283,0.3749859,0.17713079,0.22744045
In which urban US setting below would you expect to find planned communities?,Ghettos,Suburbs,CBDs,Transition zones,B,True,0.07893937,0.51474935,0.17789263,0.22841863
The latitude and longitude coordinates of a place are an example of,a formal region.,a functional region.,an absolute location.,a relative location.,C,True,0.25451452,0.19821611,0.40671304,0.14055628
The voluntary association of three or more countries willing to give up some measure of sovereignty is called,nationalism.,devolution.,supranationalism.,complementarity.,C,True,0.11382338,0.28171554,0.33981383,0.26464728
The key factor Thomas Malthus failed to recognize in his population theory was,population is limited by their means of subsistence.,all populations have the potential to increase more than the actual rate of increase.,wars and famine inhibit population's reproductive capacity.,technology's ability to raise the Earth's carrying capacity.,D,False,0.19597945,0.3333723,0.15747392,0.31317428
Which pair of religions are both universalizing religions?,Islam and Judaism,Judaism and Buddhism,Hinduism and Buddhism,Christianity and Buddhism,D,False,0.27781108,0.4042127,0.14412647,0.17384973
Which urban model theorizes that high-rent residential areas grow outward from the center of the city along major highways with lower-rent inhabitants taking over sequentially?,Concentric zone model,Central place model,Urban realms model,Sector model,D,False,0.51345986,0.4125766,0.05583617,0.01812735
"When a country combines its religion with its government, it is called a",dictatorship.,theocracy.,democracy.,autocracy.,B,True,0.053659193,0.81354624,0.10024857,0.032545943
What is the chief religion practiced in Europe?,Christianity,Islam,Hinduism,Animism,A,True,0.74217856,0.15078272,0.07122471,0.035814036
Which group enacted the first effective settlement in the eastern United States?,French,"British (English, Scotch-Irish, Welsh, Scottish)",Russian,Chinese,B,True,0.13871242,0.7736758,0.024104606,0.06350718
"A population pyramid, or age-sex structure, displays all the following information about a country's population EXCEPT",future social spending needs of the population.,"the impact of ""baby booms"" on the population.",the impact of wars on the population.,a quick visual depiction of the country's demographics.,B,False,0.1689157,0.31557608,0.1689157,0.34659252
The Rhine River is an example of which type of boundary?,Geometric,Artificial,Natural,Relict,C,False,0.23738569,0.4575729,0.22300322,0.0820383
Which type of economic activity is most closely tied to the physical environment?,Primary,Secondary,Tertiary,Quaternary,A,False,0.18967503,0.46945024,0.2512786,0.089596145
The majority of workers in periphery countries are probably employed in which type of activities?,Primary,Secondary,Tertiary,Quaternary,A,False,0.10959466,0.39466554,0.35934708,0.13639277
All of the following are non-basic jobs in the city EXCEPT,city firefighter.,social worker.,dry cleaner.,garment factory worker.,D,False,0.2426967,0.3422572,0.15669677,0.2583493
Transnational corporations distribute their operations,manufacturing goods where production costs are the highest.,conducting accounting and research services where economical.,based on comparative advantage.,with headquarters located in LDCs.,C,True,0.18503235,0.3350503,0.3566592,0.12325813
Which of the following is LEAST associated with the development of alluvial landscapes?,A deep cover of loose materials,A predominance of gentle slopes,Frequent flooding,Deep dissection and erosion,D,True,0.19037677,0.26847428,0.23692772,0.3042212
Which of the following is LEAST self-sufficient in the natural resources needed for modern industry?,United States,Japan,France,United Kingdom,B,False,0.22816114,0.2667474,0.18333264,0.32175878
One of the effects of the east–west orientation of the Alpine mountain system and the northern plains of western and central Europe is that it,limits the marine climate of Europe to coastal areas,provides a corridor for communication between southern and northern Europe,enables marine-like climatic conditions to extend eastward into Germany and Poland,effectively prevents population movement between parts of the Mediterranean region,C,False,0.27915266,0.38155645,0.1802345,0.1590564
The largest Hindu temple complex ever constructed is found in,Calcutta.,Bombay.,Cambodia.,Bali.,C,False,0.1691947,0.35818517,0.2105662,0.26205388
Which term describes the forces that unify and strengthen a country?,Diffusion,Centrifugal,Centripetal,Ethnocentric,C,False,0.15643299,0.27454844,0.2579144,0.31110415
Which one of the following statements best describes an application of the S-curve?,Graph of the Bantu migration,Graph of the growth of human populations since their first appearance on Earth,The chart showing how cities associate with one another based on their population sizes,A model showing the decrease in population growth for several countries after they industrialize,D,True,0.13318153,0.30965632,0.20627557,0.35088658
Which of the following items is NOT a challenge to the state?,Transnational corporations,EU,World Trade Organization,Good transportation network,D,False,0.20862235,0.32312062,0.20862235,0.25963473
"National sports teams, flags, national anthems, and national holidays all promote",nationalism.,sectarianism.,political unrest.,functional disputes.,A,True,0.7603047,0.13631512,0.030416014,0.07296422
"The process whereby immigrants learn the values, language, and customs of their new country is called",assimilation.,acculturation.,adaptation.,amalgamation.,B,True,0.16922197,0.7124511,0.07278146,0.045545474
"On which of the following can one most accurately depict true geographical distance, true direction, true size, and true shape?",A Mercator projection,A globe,A conic projection,A gnomonic projection,B,True,0.30881512,0.3843266,0.11360673,0.19325155
Which of the following could be considered a higher-order central place function?,Winn-Dixie grocery store,Mercedes-Benz dealership,Shoe store,Family doctor,B,True,0.29624742,0.36868587,0.131459,0.20360768
Which geographer viewed the US urban community of the 1920s as a set of concentric rings radiating outward from a central core?,Rostow,Ravenstein,Von Thünen,Burgess,D,False,0.15086907,0.41010463,0.21951321,0.21951321
"To get to school in the morning, we ALL use this as our guide:",Rand-McNally Road Atlas.,world globe.,road map.,mental map.,D,False,0.26566887,0.36312628,0.12163207,0.2495728
"Of these, the map using the smallest map scale would be the map of",the world.,"Atlanta, Georgia.","Main Street, Small Town, Ohio.",Pennsylvania.,A,False,0.14252841,0.39973083,0.2747307,0.1830101
An earlier boundary formed before meticulous geographic knowledge and mapping was available is known as,an antecedent boundary.,a geometric boundary.,a relict boundary.,a subsequent boundary.,A,False,0.29956916,0.3188897,0.22612667,0.15541443
Which of the following jobs is in the non-basic employment sector?,Software engineer,F-10 pickup truck assembly-line worker,Oil refinery worker,Parking lot attendant,D,False,0.20927615,0.36729106,0.16298442,0.26044837
In which of the following regions is subsistence agriculture being replaced by large-scale commercial development?,The Swiss Alps,The Amazon Basin,North Africa,The Alaskan tundra,B,True,0.12156838,0.52806896,0.15609689,0.19426572
A strong movement away from all religions is called,secularism.,heathenism.,sacrilege.,nationalism.,A,True,0.56674504,0.22194055,0.0767006,0.13461374
Regions share all of these characteristics EXCEPT,boundaries.,common features.,relative location.,easily defined.,D,True,0.19648768,0.2858879,0.12686197,0.39076242
Which of the following U.S. main immigration flow associations is NOT correct?,"Pioneer settlement to 1870—Germans, British, Scotch-Irish, Africans",1870–1914—Asians,1870–1914—Eastern and southern Europeans,1965–present—Hispanics,B,True,0.18998328,0.36620235,0.1841381,0.25967637
Which one of the statements below is characteristic of most African cities?,"They have thriving, clean residential areas.",There are jobs for most rural-to-urban migrants.,They have three separate business districts.,They have a well-developed infrastructure.,C,False,0.21269442,0.3398847,0.16564657,0.2817743
Which country faces a serious trade disadvantage due to its location?,Singapore,Italy,Spain,Mongolia,D,False,0.20279898,0.40331393,0.20923652,0.18465057
"In which zone of Burgess's concentric zone model would one find better houses, single-family homes, and higher-rent apartments?",First,Second,Third,Fourth,C,False,0.24769513,0.4627554,0.16500053,0.124548934
The theory that every society develops economically according to a five-stage pattern of growth is attributed to,Rostow.,Ravenstein.,von Thünen.,Burgess.,A,True,0.5255179,0.33929986,0.083149,0.052033316
Which of the following would NOT be considered a barrier to diffusion of a cultural trait?,Language,Religion,Oceans,Tolerant complaisant citizens,D,False,0.22494732,0.31722656,0.18648787,0.27133825
The process of invasion and succession is a process involving migration and is best described as when,new residents tear down and rebuild housing units.,new residents live peacefully with old residents.,new residents assimilate with old residents completely.,new residents move into areas occupied by older resident groups.,D,True,0.08740404,0.23027897,0.17934145,0.5029755
Which of the following best illustrates the definition of a functional region?,A map showing Atlanta as a hub for Delta Airlines,An article describing the region referred to as the South,A map showing North Carolina's one hundred counties,An essay explaining the region known as the Bible Belt,A,False,0.21373048,0.39930108,0.16645345,0.22051501
New stores opening around a large shopping mall reflect which concept?,Gravity concept,Distance decay,Complementarity,Movement bias,D,False,0.2956804,0.44386885,0.1582663,0.102184415
The birth of an urban industrial workforce in Europe contributed to the start of the,First Agricultural Revolution.,Second Agricultural Revolution.,Third Agricultural Revolution.,Fourth Agricultural Revolution.,B,True,0.3014687,0.425139,0.15158798,0.12180437
Which of the following statements about East Asia's industrial regions is true?,Japan has a rich natural resource base.,China lacks natural resources but has a massive labor force.,China is industrializing rapidly.,Taiwan lacks industrial enterprise and an educated workforce.,C,False,0.1807628,0.35948974,0.2549164,0.2048311
Which of the following statements best describes the United Nations?,The UN operates a worldwide police force.,Member states surrender sovereignty to the UN.,World laws are enforced by the UN.,The UN often practices interventionism in world conflicts.,D,False,0.19773504,0.36941767,0.15399618,0.2788511
Which of the following is a formal region?,Dixie,Pennsylvania,The market area of Winn-Dixie,The Pacific Northwest,B,True,0.22522411,0.32769912,0.17540471,0.2716721
The concentration of production activities and people spatially to benefit everyone is called,the substitution principle.,deglomeration.,agglomeration.,infrastructure.,C,True,0.14415608,0.34581247,0.44403198,0.06599946
"Which language family contains Italian, Spanish, Portuguese, and Romanian?",European,Slavic,Germanic,Romance,D,True,0.060646694,0.12838906,0.116899565,0.6940647
"Ankara, Turkey and Islamabad, Pakistan are both examples of",desert cities.,forward-thrust capitals.,old colonial capitals.,rival cities.,B,True,0.25049818,0.38797915,0.14726028,0.21426244
Which of the following is NOT an example of syncretism?,Halloween,Foreign cuisine changed to suit American tastes,Hasidic Judaism,Catholicism in Louisiana,C,False,0.16888377,0.3155164,0.24572442,0.2698755
The theory that whoever controlled the landmass of Europe would rule the world is called the,devolution theory.,domino theory.,heartland theory.,rimland theory.,C,False,0.23909938,0.39420822,0.18621078,0.18048167
Which group represents the Persian (Iranian) variation of Islam and believes in the infallibility and divine right to authority of the Imams descended from Ali?,Sunni,Shiite,Imam,Untouchables,B,True,0.052360967,0.8450632,0.078603126,0.023972599
The multiplier effect is,the addition of non-basic workers to an urban economy that has added more basic workers.,a ratio of urban to rural workers in an economy.,the ratio of city workers to farm workers in an economy.,the addition of rural jobs created by the urban economy.,A,False,0.3160965,0.24617621,0.09056317,0.3471641
The sacred book of the Hindu is called the,Talmud.,Bible.,Torah.,Veda.,D,True,0.03909923,0.1752306,0.15464047,0.63102967
Which of the following is a distinct characteristic of an East European city?,A central park,Prominent religious buildings,A large central square surrounded by government and administrative buildings,Luxury apartment buildings,C,True,0.19429451,0.3009292,0.31048173,0.19429451
Which of the following countries is actively trying to preserve the purity of their native language from contamination by English or other languages?,Italy,Russia,Japan,Brazil,C,False,0.19539927,0.38859785,0.20800145,0.20800145
Which of the following is an example of a bulk-gaining industry?,Steel,Bottled orange juice,Paper,Copper,B,True,0.3552455,0.36652222,0.13911615,0.13911615
Which of the following is NOT a feature of an export processing zone (EPZ)?,Tariff reductions on exports,Raw materials imported duty-free,Exemption from customs duties,Strict pollution regulations,D,True,0.14310862,0.25116345,0.22868694,0.377041
Which of the following characteristics is NOT true of a state?,Independent territory,Internationally recognized,Boundaries,A national language,D,True,0.13451299,0.23607767,0.20192792,0.4274814
"You are planning to move from your hometown to Pittsburgh. Along the way, you stop in Columbus, Ohio to visit a relative and fall in love with the city! You decide to stay and make Columbus your new home. This is an example of",intervening opportunity.,distance decay.,involuntary migration.,push-pull factors.,A,False,0.16372064,0.38066188,0.14003769,0.31557977
A large node of office and commercial land use outside the central city with more jobs than residents is a(n),suburb.,primate city.,town.,edge city.,D,True,0.09097317,0.30775827,0.09386097,0.5074076
Which crop began the Third Agricultural Revolution?,Rice,Wheat,Barley,Millet,A,False,0.32707015,0.41996637,0.13634312,0.116620444
Which factor in the last quarter century greatly destabilized Eastern Europe and led to ethnic conflict?,The introduction of new languages,The end of the Cold War,The invasion by the Soviets,The acceptance of many Eastern European countries into the EU,B,True,0.1381878,0.61931473,0.10430962,0.1381878
"If I wanted to ship a small piece of very valuable jewelry to my aunt who lives in Poughkeepsie, which mode of transportation makes the most sense?",Truck,Air,Ship,Railroad,B,False,0.18265896,0.27420357,0.3011537,0.24198379
Which of the following is a functional region?,Dixie,Pennsylvania,The market area of Winn-Dixie,The Pacific Northwest,C,False,0.1864924,0.34841365,0.2180317,0.24706228
Which type of city model contains a distinct residential spine proceeding outward from center city along the main boulevard?,European,Muslim,Sub-Saharan African,Latin American,D,False,0.38881424,0.31242102,0.17253527,0.1262295
What family do most European languages belong to?,Ural-Altaic,Basque,Indo-European,Phoenician,C,True,0.059289046,0.10405552,0.7932787,0.043376792
"What do the terms apartheid, ethnic cleansing, and integration all have in common?",They all occurred in Nazi Germany during World War I.,They are all forms of residential segregation.,They are all ways to integrate different ethnic populations in neighborhoods.,They are different expressions for the same concept.,B,True,0.08249404,0.6095531,0.12776928,0.18018354
Which one of the statements below correctly describes immigrants living in Europe?,Most find citizenship easy to get in host countries.,Muslims immigrants from North Africa are well integrated in France.,Immigrants to European cities rarely bring their families.,They are usually restricted to certain neighborhoods.,D,False,0.24818061,0.37256324,0.16023746,0.21901862
Which of the following activities are NOT secondary economic activities?,Assembling automotive parts,Sewing shirts,Mining copper,Binding books,C,False,0.13835186,0.28387958,0.23534445,0.34242415
Johnny and Susie are moving to Scotland to renovate and live in the family castle. What makes their move a migration?,They are crossing another country's borders.,They are not taking anything with them.,They are moving permanently.,They will be gone more than one year.,C,True,0.12942441,0.21338476,0.3745019,0.2826889
Which of the following entities is a state?,Antarctica,American Samoa,Egypt,Marshall Islands,C,False,0.14208446,0.310341,0.20673168,0.3408429
What is the most abundant fossil fuel?,Phosphate,Oil,Petroleum,Coal,D,False,0.08841129,0.7880012,0.08049939,0.043088216
A rejection of or indifference to religion in a country is called,polytheism.,animism.,secularism.,monotheism.,C,False,0.10884091,0.17392728,0.28675762,0.43047416
"In a postindustrial economy, which of the following resources is considered most important to increase productivity?",Energy,Labor,Information,Specialization,C,True,0.15699425,0.22139739,0.41362476,0.2079836
A city that is more than twice as large as the next largest city in a country is called a,global city.,world leader city.,megalopolis.,primate city.,D,False,0.34747112,0.31637606,0.13188516,0.20426773
Every country with a seacoast has an exclusive economic zone (EEZ) under the UN Convention on the Law of the Sea. Which one of the following statements regarding the Law of the Sea and the EEZ is NOT correct?,The EEZ extends up to 200 nautical miles (370 km) from the coastline.,Countries have the right to exploit natural resources in their EEZ.,Countries can exploit resources on the continental shelf extending up to 350 nautical miles (560 km) beyond their EEZ.,A country does not have the right to exploit living resources in its EEZ.,D,True,0.122912675,0.24444103,0.22963111,0.40301514
Which of the following is MOST likely to experience population pressure?,An industrial society with abundant natural resources and large imports of food,A society with a highly mechanized agricultural sector,A non-ecumene,A slash-and-burn agricultural society,D,False,0.21380344,0.36369193,0.15642196,0.2660827
"Part of the boundary between the United States and Mexico is the Rio Grande, an example of",a water divider.,a watercourse.,an artificial boundary.,a natural boundary.,D,False,0.29002258,0.33907077,0.1652499,0.20565681
"When we talk about diffusion of a cultural trait, what do we mean by ""hearth""?",Destination,Origin point,All locations along the diffusion path,Axis point,B,True,0.20913835,0.40312472,0.29493237,0.09280458
The distance north and south of the equator is the,global grid system.,Prime Meridian,latitude.,longitude.,C,True,0.25096557,0.25893205,0.38870308,0.10139926
Why are perceptual or vernacular regions so difficult to identify?,Boundaries are constantly being redrawn.,"Physical features, such as rivers, are constantly shifting.",Defining criteria are subjective and differ among researchers.,Antecedent boundaries were drawn before humans were located in the regions.,C,True,0.12290047,0.2684393,0.31383735,0.2948229
Which structure(s) traditionally occupies the center of a historic Asian city?,A central market,High-density housing,A religious building,Government office buildings,C,True,0.23270719,0.26369178,0.33858696,0.1650141
Which description best describes the urban hierarchy model in which the population of a city is inversely proportional to its rank in the hierarchy?,Multiplier effect,Rank-size rule,Central place theory,Burgess's sector model,B,True,0.2530844,0.47282386,0.105501264,0.16859053
Which of the following is a major concern in countries with a large and rapidly aging population?,Immunization,Adequate schools,Daycare facilities,Health care,D,True,0.13480517,0.19614038,0.11896516,0.5500893
Which of the following capital cities is located OUTSIDE the central core area of the country?,"Abuja, Nigeria","Paris, France","London, United Kingdom","Cairo, Egypt",A,False,0.21161687,0.35997245,0.18100551,0.24740522
"Spanish colonial architecture, uneven economic development, and rural-to-urban migration flows are most commonly found in which of the following?",Southeast Asia,Sub-Saharan Africa,North America,Latin America,D,True,0.028503941,0.09346083,0.4321585,0.4458767
The purpose for the creation of NATO was to,defend North America and Western Europe against the threat of communism.,form an economic alliance for trade between Europe and North America.,defend Europe against a second Nazi invasion.,defend northern Europe against Chinese missiles.,A,True,0.4207806,0.24736415,0.29837814,0.033477098
Which of the following is NOT a key milestone reached by the EU?,The introduction of a common currency used by many EU countries,A customs union,A single market,A common European language,D,True,0.1540927,0.25405592,0.18587126,0.40598017
The use and spread of English in nineteenth-century India is an example of what type of diffusion?,Stimulus,Contagious,Hierarchal,Relocation,C,False,0.242482,0.4673963,0.17194548,0.11817629
The theory that most migration occurs over a short distance and in steps is attributed to,Rostow.,Ravenstein.,von Thünen.,Burgess.,B,True,0.25781083,0.48165402,0.15637016,0.10416499
"The way of life based on breeding and herding of animals that are used as a source of food, shelter, and clothing is called",swidden.,subsistence farming.,pastorialism.,hunting and gathering.,C,False,0.1522791,0.5151535,0.1895144,0.14305297
The European Union (EU) replaced which of the following organizations?,NATO,EEC,UN,ASEAN,B,True,0.16840683,0.62570727,0.11574421,0.090141684
"The attempt by core countries to stimulate increased agricultural production in the periphery through use of technology, hybrid seed, and fertilizers is called the",First Agricultural Revolution.,Second Agricultural Revolution.,Third Agricultural Revolution.,Green Revolution.,D,False,0.08603046,0.51078635,0.17652304,0.22666007
Shifting cultivation is most often practiced in,alpine tundra.,tropical forests.,flood plains.,deserts.,B,True,0.12381641,0.73513186,0.08779898,0.053252775
The migration streams into the United States between 1980 and the present have been primarily composed of emigrants from which of the following regions?,Europe and North Africa,Asia and Latin America,Sub-Saharan Africa and Oceania,Central Europe and Australia,B,True,0.23661026,0.5675985,0.11897511,0.076816104
Which one of the following North American associations is NOT correct?,Southeast—African Americans,Oklahoma and the Southwest—Native Americans,Quebec and northern Maine—French Americans and French Canadians,Southern prairie provinces—African Americans,D,False,0.17148972,0.34104803,0.21342242,0.2740398
Which of the following countries is NOT a federal state?,Canada,United States,France,People's Republic of China,C,False,0.13991866,0.3803383,0.21004277,0.26970026
Which of the following world regions is NOT considered one of the world's most densely populated regions?,South Asia,Europe,South America,Northeast United States,C,False,0.13424954,0.31213954,0.22134006,0.3322708
"Olives, grapes, and chickpeas are staple crops of which type of farming?",Pastoral nomadism,Subsistence,Plantation,Mediterranean,D,True,0.06089098,0.2904946,0.21253039,0.43608406
A person who practices the Hindu religion would be most likely to,visit a shrine built on the shore of a lake.,pray five times a day.,bathe in the Ganges River.,make a pilgrimage to Jerusalem.,C,False,0.2534902,0.3805339,0.1124856,0.2534902
"The language with the largest number of ""speakers"" is",English.,Russian.,Spanish.,Mandarin Chinese.,D,False,0.17834035,0.37754652,0.22899354,0.21511953
Which one of the following statements does NOT correctly describe the Green Revolution?,It changed centuries-old methods of farming.,It was an attempt to feed a growing world population.,"It centered on increased rice, wheat, and maize yields.",It greatly improved crop yields in sub-Saharan Africa.,D,True,0.15993471,0.28960437,0.21187909,0.3385818
"Historically, the world's major languages have spread by all of the following methods EXCEPT",Sanskrit records.,migration.,trade.,conquest.,A,False,0.1424133,0.3636651,0.1828623,0.31105924
A primate city is,a large city located on the periphery of the country.,the most important city in a country.,when the largest city in a country is more than twice the size of the next largest city.,the largest city in a country.,C,False,0.18014646,0.24623102,0.18014646,0.39347604
"Which of the following factors would be considered a ""pull"" factor for Riva when considering a move from India to the United States?",Abject poverty,Better job and higher wages,India's caste system,Violence in her neighborhood,B,True,0.08244117,0.7821801,0.06031525,0.07506354
All of the following are reasons major cities attract young people in Latin America EXCEPT,the availability of jobs.,the potential for decent housing.,educational opportunities.,their families live there already.,D,True,0.15155464,0.23473242,0.14689179,0.46682116
"Which language family is most widely spoken in North America and Europe and includes Baltic, Celtic, Germanic, and Greek?",Dravidian,Uralic-Altaic,Sino-Tibetan,Indo-European,D,True,0.04344488,0.09197281,0.2832962,0.5812861
Which theorist(s) tried to explain the prices of farm products as they relate to patterns of land use?,Rostow,Ravenstein,Von Thünen,Burgess,C,False,0.119394414,0.41672745,0.26078138,0.20309673
Which of the following is NOT a spread effect in the core-periphery model of development?,Congestion in the core,High cost of labor in the core,High density in the core,More infrastructure in the core,D,True,0.15752165,0.28523484,0.2439743,0.3132692
Which of the following is NOT an important environmental factor influencing a country's agriculture?,Number of frost-free days per year,Availability of sufficient rainfall,Reliability of sufficient rainfall,Amount of fertilizer produced in the country,D,True,0.15801343,0.30457887,0.20289327,0.33451444
Which of the following countries is situated in the region of tectonic activity known as the Pacific Ring of Fire?,Brazil,Australia,Chile,India,C,True,0.025087493,0.15367952,0.6675534,0.15367952
"Which one of the following statements is NOT true of the ""core"" countries?",They are technologically advanced.,They are wealthy.,They are powerful.,They are less developed.,D,True,0.12131113,0.24891424,0.20635717,0.42341742
"If you wanted to find the global distribution of coal, you would use a",reference map.,topographic map.,thematic map.,location map.,C,True,0.12245098,0.23603043,0.36557108,0.27594754
Which one of the following is NOT a centripetal force in a state?,A high level of confidence in central government,The existence of strong separatist groups,The existence of national transportation networks,The national anthem,B,False,0.114339076,0.1944973,0.1944973,0.49666628
The cities of Varanasi (Benares) in India and Mecca in Saudi Arabia are alike because both are,capitals of countries formerly colonized by the English,destinations for vast numbers of pilgrims,financial centers for a large fraction of the world's economy,examples of modern urban planning,B,True,0.22802311,0.54699904,0.09505418,0.12992366
China and Vietnam's dispute over the Spratley Islands is,a positional dispute.,a territorial dispute.,a resource dispute.,a functional dispute.,C,False,0.220294,0.5452329,0.13361506,0.10085794
Which of the following is NOT used by geographers to determine absolute location?,Longitude,Latitude,Equator,Distance to the nearest city,D,True,0.12436842,0.25518745,0.22520213,0.39524204
Which of the following is a characteristic of a developed country?,Over 50% of workforce engaged in agriculture,Women held in inferior place in society,Main disease related to age and lifestyle,High birth and death rates,C,False,0.13715993,0.25624847,0.17069829,0.43589336
"Mary lives in a neighborhood with stores, offices, and restaurants so close that she does not need to own a car; however, she feels she has very little privacy. This is an example of a(n)",win-win.,trade-off.,infill.,leapfrog development.,B,True,0.20729688,0.41225907,0.1380895,0.24235459
Which of the following items below is an absolute location?,10 miles east of Pittsburgh,Washington,3 degrees south,"479 Elm Street, Muncie, Indiana",D,True,0.20388447,0.30606684,0.15390006,0.33614865
Which one of the following groups is excluded from the caste system of Hinduism?,Scholar-priests,Warrior-landowners,Businessmen and farmers,Untouchables,D,True,0.13480517,0.19614038,0.11896516,0.5500893
Which of the following is a push factor?,Dissatisfaction with current jobs,Higher-paying jobs elsewhere,An attractive retirement community elsewhere,A pleasant climate,A,False,0.222264,0.66355777,0.05798103,0.056197144
"The Basques, Bretons, Kashmiris, and Tamils are all examples of",regionalist groups.,separatist groups.,terrorist groups.,interventionist groups.,B,True,0.3231262,0.45568097,0.09854792,0.12264487
Which of the following factors does NOT play a role in gender relationships in a culture or society?,Biology,Advancements in technological development,Religion,Custom,A,False,0.1718512,0.27461743,0.24234903,0.31118232
The intensive agricultural practice of planting and harvesting the same crop more than once a year is called,swidden.,double cropping.,pastorialism.,intertillage.,B,True,0.14155176,0.67530566,0.09728701,0.085855484
"When a new fashion design is introduced globally, the information initially travels through a process known as",contagious diffusion,relocation diffusion,innovative diffusion,hierarchical diffusion,D,False,0.41172534,0.28297442,0.17163265,0.13366765
Opponents of genetically modified organisms (GMOs) in food are afraid that the GMOs,will hinder global trade.,make plants more resistant to disease.,may cause irreversible changes in humans.,make plants more resistant to drought.,C,False,0.19090419,0.60669225,0.09017675,0.112226784
Which one of the following is NOT an advantage of urban agriculture?,Helping to solve the problem of solid waste disposal,Fresh produce for sale to others,Beautification of a dingy urban area,Renewed or purified water supplies,D,False,0.15847628,0.30547103,0.23058163,0.30547103
Which of the following is NOT a problem Europe currently faces today?,Rising immigration,Lack of population growth,Environmental apathy,Urban ethnic ghettos on the rise,C,False,0.17094466,0.30954078,0.2194973,0.3000172
The world systems theory divides the world into,"core, periphery, and semi-periphery.",rich and poor.,developed and undeveloped.,haves and have-nots.,A,True,0.45921072,0.32562917,0.1275182,0.0876419
The majority of Kurds are found in which country?,Iran,Iraq,Turkey,Egypt,C,False,0.056030884,0.6615946,0.21478833,0.06758615
In what country are the most Basque speakers found?,Denmark,Finland,Luxembourg,Spain,D,True,0.008564134,0.040857203,0.04928319,0.9012954
The most rapidly urbanizing area of the world is:,Europe,East Asia,Sub-Saharan Africa,South Asia,C,False,0.07542533,0.6315285,0.18667947,0.10636675
The influence of neo-Malthusianism can be seen in,government programs for birth control and planning.,famine relief.,increased spending in social welfare programs.,increased total fertility rates.,A,False,0.24662448,0.26253042,0.13200858,0.3588365
The process of devolution involves,the change of government from a democracy to a communist dictatorship.,the movement of power from the central government to regional governments in the country.,the movement of power from a monarchy to a military dictatorship.,the movement of power from regional governments to central governments.,B,True,0.04859514,0.88871235,0.036681537,0.026011106
The theory that cities grow outward from a core utilizing several nodes of growth was proposed by,Rostow.,Ravenstein.,von Thünen.,Harris and Ullmann.,D,False,0.2614662,0.45888746,0.16362137,0.11602492
The theory that the main purpose of a settlement or market town is to furnish goods and services to the surrounding market area is called the,urban hierarchy theory.,central place theory.,concentric zone model.,multiplier effect.,B,True,0.2778319,0.6664841,0.04827995,0.0074039698
Which one of the following statements does NOT correctly describe transnational companies (TNCs)?,"Many TNCs operate in areas of electronics, chemicals, pharmaceuticals and petroleum.",Most TNCs produce and sell manufactured goods.,"Most TNCs are headquartered in the United States, Japan, and the European Union.",TNCs are generally controlled by foreign governments.,D,True,0.08994194,0.20912127,0.22967479,0.47126207
"The ""melting pot"" theory of combining several immigrant groups into one mainstream culture is called",amalgamation theory.,acculturation.,ethnic islands.,ethnic clustering.,A,True,0.42827374,0.3550514,0.10495299,0.11172189
Which theory below was used as justification for US involvement in Vietnam in the 1960s and 1970s?,Devolution,Colonialism,Heartland theory,Containment theory,D,False,0.16772212,0.33355525,0.27652702,0.2221957
Urban agriculture can benefit urban society in all of the following ways EXCEPT,create sustainable food systems in urban areas.,provide jobs for women and children.,turn urban waste into a resource when utilized in safe manner.,replace agribusiness as the main focus of global food production.,D,True,0.14732695,0.17771022,0.22116394,0.45379895
Which one of the following organizations is NOT a supranational organization?,UN,NATO,ASEAN,PLO,D,True,0.16955507,0.30702457,0.18621983,0.33720052
Which one of the following demographic factors characterizes stages 4 and 5 in the demographic transition model?,Zero population growth,High mortality rates,High birth rates,High sex ratios,A,False,0.12454182,0.2895684,0.2255161,0.36037368
Which of the following statements does NOT describe a factor that contributed to suburbanization in the United States?,A shorter workweek made time for a commute possible.,Changes in the housing mortgage regulations made home ownership easier.,Fixed-route public transit routes increased in importance.,Improved automobiles made transportation easier and less limited.,C,False,0.15027271,0.29885298,0.23274694,0.31812733
An isobar map shows lines connecting all points of equal,atmospheric pressure,surface temperature,elevation,precipitation,A,True,0.3012983,0.28304356,0.3012983,0.11435993
Ralph purchases garden fertilizer at the nearby garden shop rather than drive 50 miles to the neighboring town for the same product. This reflects which type of spatial interaction?,Transferability,Complementarity,Intervening opportunity,Territoriality,C,False,0.2534581,0.4311468,0.13566636,0.17972872
What type of countries generally possesses a greater variety of climates and resources than other countries?,Perforated states,Fragmented states,Elongated states,Prorupt states,C,False,0.29965523,0.31898132,0.18175009,0.19961342
Which of the following factors has little or no impact on mortality rates in the developing countries?,New medicines,Improved birth control methods,Pesticides,Famine relief,B,True,0.24848804,0.3504243,0.18179773,0.21928993
"The idea that you identify with, and give allegiance, to a nation-state is",regionalism.,diffusion.,iconography.,nationalism.,D,True,0.081855,0.05804389,0.00715241,0.8529487
What condition occurs when the people of one state want to annex a territory whose population is ethnically related to that state's population but now under the rule of another state?,Nationalism,Resource dispute,Irredentism,Positional dispute,C,False,0.22123185,0.3426506,0.2840673,0.15205029
"Variations in vocabulary, pronunciation, and rhythm in a spoken language are called",syntax.,isoglosses.,lingua francas.,dialects.,D,True,0.07369629,0.3201221,0.09462791,0.51155365
Boundary problems along the United States–Mexico border are caused by which type of issue below?,Ownership of fertile ground,Land use,Irredentism,Immigration,D,False,0.14337058,0.29417732,0.33334658,0.22910553
In which country does language pose a centrifugal force?,Canada,United States,Brazil,Norway,A,False,0.104749195,0.33289227,0.30310187,0.25925675
Quebec is a strong example of which of the following situations?,Irredentism,Secession,Ethnonationalism,A colony,C,False,0.19316399,0.44911972,0.23300023,0.124716036
Which of the following items below is NOT considered a barrier to the diffusion of an innovation?,Internet,Distance,Cultural obstacles,Government interference,A,False,0.19281247,0.3383964,0.20524779,0.2635434
Change in any culture is introduced through all the following processes EXCEPT,innovation.,diffusion.,acculturation.,gravity.,D,False,0.2113633,0.37095413,0.15463668,0.26304588
Which of the following statements regarding historical North American migration streams is NOT correct?,Canada's first major migration came from France.,Canada's second major migration stream originated in the British Isles.,Canada's third major migration stream came from Latin America.,The first major migration wave to the United States originated in Europe.,C,False,0.16589752,0.3299266,0.21301663,0.2911592
A chief factor that contributed to the Second Agricultural Revolution was,the Industrial Revolution.,World War I.,World War II.,the discovery of the plow.,A,False,0.036720134,0.099815674,0.02771781,0.8357464
Zero population growth (ZPG) is achieved when,CBR – CDR 5 2.,Births 1 immigration 5 deaths 1 emigration.,Total fertility 5 3.,Replacement fertility is achieved.,B,False,0.1936633,0.30947307,0.14618473,0.35067892
In which of the following Asian countries would one find special economic zones (SEZs)?,Japan,South Korea,China,Vietnam,C,True,0.009162245,0.07914972,0.82475907,0.08692896
Which of the following industries does NOT need to be close to its markets?,Dairy foods,Bulk-gaining products,Single-market products,Bulk-reducing products,D,False,0.18445237,0.35554126,0.21564668,0.2443597
Which of the following is NOT a characteristic of a city in the developing world?,Contains modern centers of commerce,Has a well-developed infrastructure,Experiences large in-migrations of rural people into the city,Produces a large share of its country's GDI,B,False,0.13298626,0.25633773,0.2815319,0.32914415
A map that presents a single class of statistics is called a,general purpose map.,thematic map.,reference map.,mental map.,B,True,0.19706315,0.64614516,0.079620704,0.077171035
The construction of freeways leads to all but which of the following results?,Urban sprawl,Traffic increase,Traffic congestion,Decreased dependency on cars,D,True,0.20409167,0.27896023,0.21057025,0.3063779
Which continent has the highest total fertility rates?,Africa,Asia,South America,Europe,A,False,0.3068436,0.555622,0.06233906,0.07519526
What monotheistic religion is based on the life and teachings of Jesus Christ of Nazareth?,Islam,Christianity,Hinduism,Buddhism,B,True,0.012698549,0.977734,0.0058138194,0.0037536835
Which of the following statements is true concerning folklore?,It is the written tradition of a group.,It encourages changing the old values and customs.,It serves to blend all cultures into one.,It expresses in words the shared values of a group by expressing their ideals.,D,True,0.13192363,0.18031824,0.09651739,0.5912407
The irregularity of the wet monsoon in South Asia in recent years may have a significant negative effect on which of the following?,Food production,Population patterns,Wildlife conservation efforts,Tourism,A,False,0.31789595,0.4211437,0.12844159,0.13251874
"According to Alfred Weber's least-cost theory, which one of the following costs of production is the most important factor in locating an industry?",Labor,Transport,Raw materials,Agglomeration costs,B,False,0.11019959,0.20587994,0.14149909,0.5424214
The climate of Great Britain is milder than most other places along the same latitude for which of the following reasons?,"The Gulf Stream brings warm waters to Great Britain, raising the temperature of winds that blow onto the island.",Hot springs throughout the country raise the temperature of the surrounding land and air.,Mountain ranges in the north of Great Britain act as a barrier to cold winds blowing from the Arctic.,Small landmasses generate their own local climate and are largely unaffected by latitude.,A,False,0.2740171,0.36301365,0.15613024,0.20683895
Which of the following supranational organizations is not an economic union?,EU,CARICOM,NAFTA,NATO,D,False,0.2504044,0.3422622,0.17210025,0.23523316
The global lingua franca is,Chinese.,English.,French.,Arabic.,B,True,0.13467395,0.82497793,0.014645112,0.025702972
What are the two major branches of Islam?,Sunni and Shinto,Shinto and Shiite,Sunni and Shiite,Shamanism and Shiite,C,True,0.097515985,0.28217185,0.56116575,0.059146434
What was the primary reason the Green Revolution did NOT help Africa much?,It targeted crops Africans don't grow and eat.,It required sophisticated machinery.,Population growth has fallen so drastically that Africans don't need the increased food production.,African agricultural production went up without its help.,A,False,0.2321747,0.3710141,0.16463651,0.2321747
The largest exporter of agricultural goods in the world is,China.,Mexico.,Chile.,the United States.,D,False,0.17790243,0.42676574,0.152168,0.2431638
Which of the following statements is NOT part of Gunnar Myrdal's theory of cumulative causation?,Developing and developed regions share similarly in wealth through trade.,The core will always dominate the periphery.,Growth and prosperity of the core exists at the expense of the periphery.,"Regions with initial advantage keep and expand it as they attract labor, capital, and trade.",A,False,0.1336656,0.2829701,0.24203716,0.3413271
Which pair of religions below share a long-held tradition of cremating their dead?,Hindu and Buddhist,Hindu and Muslim,Muslim and Jewish,Christian and Buddhist,A,True,0.46910688,0.2935596,0.11495958,0.12237385
"The official languages of Guyana, Suriname, and French Guiana are English, Dutch, and French, respectively. On what continent are those countries located?",North America,South America,Africa,Asia,B,True,0.11095412,0.845871,0.027190479,0.015984457
