0,1,2,3,4,5,MOSS-7B-A800-FlashAttnSparse-0-LocalSlide11-Mixed_correct,MOSS-7B-A800-FlashAttnSparse-0-LocalSlide11-Mixed_choiceA_probs,MOSS-7B-A800-FlashAttnSparse-0-LocalSlide11-Mixed_choiceB_probs,MOSS-7B-A800-FlashAttnSparse-0-LocalSlide11-Mixed_choiceC_probs,MOSS-7B-A800-FlashAttnSparse-0-LocalSlide11-Mixed_choiceD_probs
The study of older adults and aging is referred to as,Gerontology,Geropsychiatry,Geriatrics,Gero-education,A,True,0.38292685,0.21818516,0.34865886,0.05022907
Which of the following factors is associated with a decreased risk of Alzheimer's?,Being African or Hispanic American,Eating fish,A lower level of education,Being married,B,True,0.1444164,0.34643695,0.23077676,0.2783699
The docility hypothesis is that,Those with low capabilities are more vulnerable to environmental demands,Those who experience high environmental demands become more docile,Those who experience high environmental demands become less docile,Those with less capability are less vulnerable to environmental demands,A,False,0.25568458,0.4085828,0.17572929,0.16000332
Normal memory seems to be improved by,Aerobic exercise,Taking acetylcholine,Taking gingko,Increasing social contacts,A,False,0.21406198,0.34207004,0.1774636,0.26640442
The perspective that development is embedded in history means that,Change can always occur regardless of age,Sociocultural conditions must always be considered,"Development in any particular areas (e.g., social) is tied to development in other areas (e.g., cognitive)",Some characteristics change with age while others do not,B,True,0.10501362,0.3901729,0.26816165,0.23665182
"The answer ""both play an important role"" is clearly applicable to the question of",Nature vs. nurture,Mechanistic vs organismic,Continuity vs. discontinuity,All of these questions,D,False,0.18199095,0.35079673,0.17639168,0.2908207
Which of the following does NOT usually occur to the lens of the eye as one grows older?,It becomes thicker,It yellows,It becomes clouded,It fills with fluid,D,False,0.112213455,0.27773097,0.30502778,0.30502778
The houses of the future may allow you to operate virtually everything in the house from a central terminal; such a house is already in production and is referred to as,Technohouse,Compuhouse,Futurehouse,Smarthouse,D,False,0.19471735,0.36377987,0.22764763,0.21385515
The reaction time difference between younger and older adults is reduced when older adults,Practice regular aerobic exercise,Lift weights on a regular schedule,Consume large quantities of vitamins,Practice Tai chi,A,False,0.19982484,0.39739916,0.17634481,0.22643122
A major difference between programmed and unprogrammed theories of senescence is that programmed theories,Attribute senescence only to environmental factors,Are far too difficulty to test,Claim that senescence follows a predetermined plan,Rely too heavily on computer models,C,False,0.1742489,0.34653533,0.315524,0.1636917
One reason that older adults show high levels of optimism is that,Many pessimists die at a younger age,They do not really know what is going on,This may be a warning sign for dementia,Our measures have low validity,A,False,0.23024586,0.3916614,0.16845147,0.20964125
Bu is often late for appointments but says it's because she had more important things on her mind. This is an example of which coping strategy?,Immunization,Accommodation,Avoidance,Assimilation,A,False,0.22197467,0.4019442,0.2085259,0.16755526
Which of the following is most strongly associated with loss of bone density?,Genetic factors,Lifestyle factors like not exercising,Hormonal factors such as loss of estrogen,Cohort factors,B,False,0.106956206,0.31931224,0.3973905,0.17634097
That super sweet iced tea that your grandmother gives you might be that way because she,Has lost a lot of sweet taste buds and cannot taste sweetness as well anymore,Is a member of that cohort that really enjoys sweets,Is trying to get you to be a little sweeter than you have been in the past,Has experienced damage in her parietal lobe where sweet sensations are directed,A,False,0.1392964,0.3341547,0.20267507,0.32387382
A shortage of these two vitamins can produce symptoms that mimic dementia:,A and C,B6 and B12,B6 and D,B12 and E,B,True,0.081410035,0.7969154,0.086660534,0.03501402
Which of the following is one of McAdam's levels of personality?,Control,Identity,Generativity,Assimilation,B,True,0.16855001,0.4171653,0.22329251,0.19099219
"In this chapter's Senior View, Dr. Donham told us that mental stimulation, exercise, diet, and what other factor is important for long life?",Moderate amounts of alcohol,Social support,Good genes,Avoiding stress,C,False,0.0969029,0.39542434,0.21837407,0.28929862
Surveys of older adults who are living together show that they tend to view cohabitation as,A first step toward eventual marriage,An alternative to marriage,A way to save on expenses,Their swan song,B,True,0.24015754,0.5412034,0.124592096,0.09404705
Older adults may be more attached to a place than younger adults because,That place holds many memories,It's much harder to move when you're older,Young adults pay less attention to place then do older adults,That place represents transcendence,A,False,0.2466448,0.43287507,0.102816835,0.21766326
The Hayflick number for human cells is,Unknown,Between 45 and 55,Less than 30,More than 60,B,True,0.091931775,0.59947044,0.21374777,0.094849996
High levels of self-care behaviors have been associated with high levels of,Neuroticism,Extraversion,Agreeableness,Secondary control,C,False,0.12740155,0.43099388,0.20358709,0.23801744
Research has offered some longitudinal as well as cross sectional support for the theory put forth by,Peck,Foos,Levenson,Erikson,D,False,0.22128038,0.4265291,0.19527926,0.1569113
"Which of the following is more likely to be a cohort, rather than an age, difference?",A higher proportion of older women have completed menopause,A smaller proportion of older women report dreams about sex,A higher proportion of older men are bald,A higher proportion of older men and women are victims of cancer,B,True,0.25346202,0.35743874,0.18543677,0.20366247
Fear of aging has been associated with high levels of,Introversion,Neuroticism,Rigidity,Mid-life crisis,B,True,0.2340369,0.43723845,0.14645654,0.1822681
In which dementia are cognitive symptoms less likely?,Parkinson's,Pick's,Huntington's,NeuroAIDS,A,False,0.23478074,0.37517855,0.18284743,0.20719329
"In this chapter's Senior View, Dr. Shealy advises you to",Stay in school,Eat the right foods,Get plenty of exercise,Find a high paying job,A,False,0.15393746,0.27874473,0.33623034,0.2310875
"When your sister Patricia was feeling depressed, you comforted her and reminisced about happier times. You provided which type of social support?",Emotional,Instrumental,Informational,Friendly,A,False,0.28771207,0.44561714,0.15400118,0.112669654
Hearing loss occurs more frequently for,Men than women,Women than men,People who already have some loss of vision,People who are obese,A,False,0.2912551,0.5441361,0.09755822,0.067050725
Continued stress is damaging to health and longevity because it leads to,Over exercising which causes physical damage,Suppression of the immune system,"Less eating and, in many cases, severe eating disorders",Risky behaviors such as speeding and not using a seat belt,B,True,0.073309496,0.525022,0.25587526,0.14579333
One difference that seems to be mostly cohort rather than age is the difference in ____ for different age groups,Coping strategies,Work productivity,Rates of dementia,Personality traits,D,False,0.18397507,0.3228863,0.3033236,0.18981504
"According to Tat Kleckley of this chapter's Senior View, the most important part of the healing process for those who are bereaved is to",Stay away from other people for a while,Get out and be active,Talk about your loss,Make new friends who don't know about your loss,C,False,0.10509104,0.44244984,0.23682635,0.21563283
Social support is most likely to have a positive influence on health and well being when it is,Very emotional,Perceived as support,Unexpected,External rather than internal,B,True,0.118918,0.54987127,0.15269373,0.17851706
Free radicals are produced by,Normal metabolism,Excess consumption of Vitamins A and C,Lack of sunlight,A weakened immune system,A,False,0.14108606,0.5080704,0.20527901,0.14556462
Prejudice or bias against older adults is referred to as,Ageism,Oldism,Age bigotry,Senilism,A,True,0.9081305,0.058054842,0.022734603,0.0110799605
"The program that takes over care for those with 6 or fewer months to live, attempts to keep them at home, provides pain relief, and ends all life-prolonging technologies is called",Euthanasia,Cryonics,Medicare,Hospice,D,True,0.018959792,0.0798237,0.11982958,0.781387
Loss of smell for adults 80 and older is,Very infrequent (less than 15%),Very frequent (more than 75%),Infrequent (less than 40%),Frequent (close to 50%),B,True,0.16288602,0.48628783,0.13503724,0.21578892
Activation of a class of genes called sirtuins may help to,Prevent some diseases,Ward off dementias,Increase memory and intelligence,Produce emotional stability,A,False,0.32171384,0.43973064,0.10444518,0.13411027
Elder abuse most frequently comes from the older adult's,Spouse,Children,Grandchildren,Neighbors,B,True,0.23510537,0.5298181,0.133959,0.10111756
Projective tests generally ___ than objective tests of personality.,Have higher reliability,Are more visual,Are more valid,Provide more information,B,True,0.24494973,0.37938556,0.19076703,0.18489775
Cells in the eye that respond to low levels of illumination are called,Rods,Cones,Retinal cells,Nocturnal detectors,A,False,0.2109637,0.64981395,0.120203495,0.019018954
Some work on age stereotypes suggests that,Positive ones are stronger,Negative ones are stronger,They never last very long,They are very rare,B,True,0.20641993,0.3737782,0.21973285,0.20006905
Which of the following could very well be a cohort difference rather than a change that occurs with age?,Differences in weight,Shrinkage of the thymus gland,Enlargement of the heart,Increasing size of nose and ears,A,False,0.2379176,0.44448858,0.14888503,0.16870885
The major question concerning aging and personality is:,Do older adults still have personalities?,Does personality change with age?,Does personality decline as we grow older?,Does personality increase of decrease with age?,B,True,0.09794082,0.4389403,0.22071303,0.24240586
A researcher who wants to examine both age and cohort differences is advised to use a _____ design.,Cross-sectional,Cross-sequential,Correlational,Quasi-experimental,B,False,0.44300547,0.3559649,0.09580666,0.10522302
Which of the following is NOT one of the most rewarding aspects of being a grandparent as reported by grandparents?,Feelings of immortality,Spoiling the grandchildren,Having others to wait on you,Remembering when they were grandchildren,C,False,0.15256558,0.26776093,0.27626058,0.30341288
"Of the following animals, which has the longest life span by current measures?",Gorilla,Blue whale,Dog,Queen honey bee,B,True,0.13006704,0.49859786,0.15689076,0.21444428
One advantage of an expected death over an unexpected death is that,One can use up some grief before the actual loss,One can make funeral and estate plans with the loved one,One can find ways to avoid having the same death for themselves,One can assist the terminally ill person in speeding their death,B,True,0.24566352,0.3154382,0.18543655,0.25346172
Changes in the reproductive system are more _____ for men but not for women,Mechanistic,Continuous,Organismic,Nurturant,B,True,0.2782485,0.47331664,0.16357386,0.084860995
Which of the following hormones has not yet been claimed to ward off senescence?,DHEA,Human growth hormone,Melatonin,Viasterol,D,False,0.18173924,0.32908723,0.24076536,0.24840806
The majority of older widows live,Alone,With children,With a friend,In an institution,A,True,0.4492676,0.3087768,0.11719846,0.1247571
Centenarians are people who,Were born before the centennial,Study old age and older adults,Are 100 or more years old,Have not yet reached old age,C,True,0.08473617,0.16333325,0.5355491,0.2163814
Quantitative analyses of TV shows have shown that,Older adults are almost always portrayed in a negative way,The more positive portrayals occur during commercials,The proportion of older men is particularly low,The proportion of older women is particularly low,D,False,0.18800542,0.35124034,0.2267778,0.2339765
Which of the following groups of Americans have the lowest rate of alcohol abuse?,African-American,White,Native-American,Asian-American,D,False,0.18919975,0.35347164,0.24293727,0.21439138
"If you believe that changes occur slowly and steadily throughout life, you would be holding the _____ side of this view of development.",Mechanistic,Organismic,Continuity,Stability,C,False,0.31846908,0.40892237,0.19929285,0.07331574
"All other things being equal, which of the following persons is likely to live the longest?",A black man,A white man,A black woman,A white woman,D,False,0.1774636,0.21406198,0.34207004,0.26640442
"Which of the following age differences could be, in part, a cohort effect? Differences in",Depression,Alcoholism,Dementia,Suicide,B,True,0.10894725,0.3252564,0.29614934,0.26964703
"Clifford and Lucia Pauling, in Senior View, told us that physical changes",Are rapid and frightening,Can be offset by meditation,Take a long time,Should not be discussed in public,C,False,0.2208985,0.3115168,0.20113036,0.26645443
The biggest and most dangerous changes in the cardiovascular system take place in the,Heart,Blood vessels,Red blood cells,Plasma,B,True,0.11352504,0.8130344,0.05037643,0.023064012
Older adults generally perform very well when their _____ memory is tested.,Episodic,Working,Retrospective,Semantic,D,False,0.31793433,0.44835925,0.13674185,0.09696449
"With respect to marital satisfaction, most long lasting marriages",Show high satisfaction through all the years of marriage,Show high satisfaction that steadily declines as the years pass,Show lower levels during the years when children are present,Show ups and downs throughout the marriage,C,False,0.1127726,0.538008,0.13184452,0.21737488
Theories,Are not very important in aging research,Attempt to explain findings and guide future research,Have never been adequately tested,Have been around for a long time but have only recently been tested,B,True,0.13777499,0.41132012,0.17690659,0.27399826
The least favored theory of senescence among researchers is the _____ theory,Free radical,Biological clock,Wear and tear,Garbage accumulation,C,False,0.21497872,0.41438234,0.20836453,0.16227445
A researcher finds that age is negatively correlated with cigarette smoking; this means that,Older adults experience more negative effects from smoking that do younger adults,Older adults smoke more than younger adults,Older adults smoke less than younger adults,Older and younger adults smoke about the same number of cigarettes and both experience negative effects,C,False,0.124500625,0.33842778,0.2894726,0.24759907
"When a researcher takes part in the situation he or she is observing, he or she is said to be a(n)",Active observer,Participant observer,Indiscreet observer,Meddling observer,B,True,0.19498394,0.7244532,0.042168234,0.038394615
"The term ""work-family conflict"" for middle-aged adults can occur when they must",Care for an ailing parent while continuing to work,Work a high stress job while their children are at home,Pay for nursing home care by sacrificing their own care,Serving as an executor of their parent's estate while still working full time,A,False,0.22029954,0.4115737,0.16117458,0.20695226
Do traits change with age?,No,They change a little,Only for women,They change quite a lot,B,True,0.12235453,0.34315178,0.26724687,0.26724687
The cause of Alzheimer's appears to be,Mostly environmental,Aluminum,Mostly genetic,Apo-E 4,C,True,0.066283055,0.20416619,0.60952765,0.12002311
Older married men have been found to have,Higher levels of positive emotions,Lower levels of positive emotions,Higher levels of negative emotions,Lower levels of negative emotions,D,False,0.26698652,0.51462996,0.12611549,0.092268065
"Within the United States, which location has the longest life expectancy?",California,Florida,Alaska,Hawaii,D,False,0.21088332,0.27937502,0.27077955,0.23896211
The largest proportion of older adults living alone reside in,Hawaii,"Washington, DC",Florida,California,B,True,0.15531448,0.35000658,0.3186846,0.17599437
Which level of personality description appears to show the most change with age?,Traits,Personal concerns,Coping strategies,Identity,B,True,0.180541,0.34800187,0.22468689,0.24677028
The positive relationship between religion and physical health is NOT thought to be due to,Social support derived from a religious community,The rules of some religions which forbid unhealthy behaviors,The stress reducing effects of prayerful meditation,The benefits of knowing that others are praying for you,D,False,0.16151236,0.3419217,0.19482112,0.30174482
Human factors examines the performance of different tasks by examining,The factors that influence performance,The interaction between human and environment,The human side of the equation,The effects of environmental changes on humans,B,True,0.27972814,0.47583362,0.124128625,0.120309584
Prospective memory refers to memory,For some recent event,For something that happened a long time ago,To do something in the future,For the context and source of remembered information,C,True,0.104567416,0.22839622,0.48351482,0.18352152
The total number of people who have some disorder divided by the total number of people gives you the ____ rate.,Prevalence,Incidence,Incipient,Diseased,A,True,0.6419763,0.2514015,0.06558201,0.04104017
Remarriages are,More frequent for woman than men,Typically more successful,Typically less successful,Most common among those who have never been married before,C,False,0.19209324,0.33713412,0.2390639,0.23170868
"With respect to job training, younger workers",Receive more opportunities than older workers,Perform better on the job than trained older workers,Always learn faster than older workers,Prefer to have classes by themselves,A,False,0.22791472,0.40000278,0.18894793,0.18313462
About how many grieving individuals seem to require some professional help?,Less than 10%,About 25%,Nearly half,More than 50%,B,False,0.06069964,0.2895818,0.4627504,0.18696806
People with which of the following forms of control are least likely to have accessibility problems where they live?,External,Internal,Primary,Total,B,True,0.20272706,0.378744,0.21580184,0.20272706
Which of the following has been found to improve balance for older adults?,Tai chi,Aerobic exercise,Weight lifting,Walking briskly,A,False,0.33199263,0.37619692,0.13001019,0.16180028
The most frequent chronic condition for older adults is,Hypertension,Arthritis,Diabetes,Cataracts,B,True,0.0850366,0.64828587,0.19163293,0.075044535
Hypokinesia refers to,Severe obesity,Loss of muscle strength and bone density,Increased sensitivity to stress,Social isolation and lack of support,B,True,0.09919684,0.47324166,0.13141446,0.29614708
What percentage of older adults report feeling very or often lonely?,10%,25%,50%,75%,A,False,0.0640572,0.35728237,0.3253093,0.25335115
An example of a discontinuous change over the adult years is the change in,Personality,Working memory,Female hormone levels,Male sexuality,C,False,0.21478638,0.37696183,0.2511107,0.15714106
Which leg of the three-legged stool do most retirees have,Pension,Social security,Savings,Assets,B,True,0.20900379,0.3339871,0.3040987,0.15291043
One of the most important points made in this chapter is that physical changes,Occur for everyone,"Occur more for some and less for others and, within the same person, more for some systems and less for others",Usually occur for very old people but not for very young people,Can be totally avoided if one learns enough about gerontology,B,True,0.1584718,0.5361032,0.13137773,0.17404722
Which of the following forms of dementia has the highest prevalence rate?,Alzheimer's,Vascular,Parkinson's,Fronto-temporal lobe,A,True,0.46525782,0.38571227,0.062965795,0.08606405
High levels of social support are strongly associated with,Longevity,Internal control,Culture,Education,A,False,0.31557062,0.43133387,0.09929869,0.15379682
"The term ""cohort"" refers to",An individual's chronological age,A generation of people who lived through major events,A person's gender,A group of people living in the same culture,B,True,0.04671755,0.9094772,0.017186426,0.026618857
Middle-aged adults appear to be more ____ than older or younger adults,Generative,Neurotic,Agreeable,Certain,A,False,0.29258126,0.4126057,0.15660746,0.1382056
Which of the following improves attitudes toward aging and older adults?,Staying away from older adults,Education about older adults,Travelling to older communities,Watching the portrayals of older adults in movies and on TV,B,True,0.112595335,0.48909184,0.14457527,0.2537375
A problem for immune system theories of senescence is,Determining what first causes the senescence in the immune system,Auto-immune disorders are far too rare,That the immune system does not decline with age,The lack of information about senescence in general,A,False,0.21952426,0.32954496,0.15087667,0.3000541
Those more likely to experience depression after a loss are those who,Are young survivors,Have not previously experienced depression,Have been married more than 40 years,Are in poor health themselves,A,False,0.13840564,0.3762255,0.2839899,0.201379
Which of the following appears to lower bad cholesterol?,Vitamin D,Niacin,Thiamine,Riboflavin,B,True,0.19260396,0.4340397,0.18667816,0.18667816
Most people who have used physician assisted suicide have had,Alzheimer's,Health insurance,No family,Clinical depression,B,True,0.12253825,0.35457617,0.22893159,0.29395396
A researcher who is interested in the differences between two or more groups of people is most likely to use which of the following approaches?,Quasi-experimental,Longitudinal,Correlational,Cross-sequential,A,False,0.24084118,0.44995055,0.17620316,0.13300513
Being in bright light during the later parts of the day seems to,Restore normal circadian rhythm,Increase insomnia,Restore deep sleep,Have no real influence on sleep or dreams,A,True,0.44298223,0.32409275,0.14838046,0.08454464
A major reason for studying human aging is that,We are all growing older,The number and proportion of older adults is increasing,More job opportunities are available for those with some knowledge of aging,All of the above,D,True,0.079832494,0.12364698,0.08498125,0.71153927
The model of social support that says that those who are close to you now are likely to be close for the rest of your days is called the ____ model,Consistency,Convoy,Attachment,Train,B,True,0.29153582,0.3628222,0.2416917,0.10395031
"When older and younger workers have lost their jobs, older workers typically",Find a job quicker because of their greater experience,Take longer to find a new job,Retire rather than search for a new job,Sue the company using the ADEA,B,True,0.2706702,0.39382282,0.18602872,0.14947829
Our social network refers to,Everyone we know,Those who are closest to us,Those who we have not yet met,Family members,B,True,0.11745479,0.7659014,0.06286901,0.05377472
Those who survive the loss of another are called the,Survivors,Grieving,Bereaved,Family and friends,C,False,0.30624527,0.358037,0.13171445,0.20400333
Financial adjustment to retirement has been most difficult for,Married couples,Single men,Single women,Older adults,C,False,0.106561355,0.1502756,0.2186497,0.52451336
Socioemotional selectivity theory says that older adults have smaller social networks because they,Are more concerned with those closest to them,Select new network members based on emotional factors,Can no longer get out to select new network members,Are too emotionally involved to spend time with others,A,False,0.2001562,0.4653771,0.14643739,0.18802935
The gender gap is likely to be associated with male/female differences in,Hormones,Risky behaviors and occupations,Proportion who smoke,All of the above,D,True,0.09662562,0.33725655,0.15930872,0.40680906
Those cells that build bone are called,Osteoblasts,Osteoclasts,Osteostructs,Osteopori,A,True,0.578174,0.38514692,0.027899947,0.0087791085
An increase in neuroticism later in life is a strong predictor of,Mortality,Loss of social support,Cognitive decline,Independence,A,False,0.18708162,0.37205622,0.28084275,0.1600194
Which of the following countries has the longest life expectancy?,U. S. A.,Sweden,Japan,Saudi Arabia,C,False,0.037564937,0.77846277,0.15815431,0.02581798
Which type of reaction time results in the biggest age differences?,Simple,Choice,Complex,Elaborate,C,False,0.19313952,0.3497305,0.26399043,0.19313952
Gary says he won $1000 in the lottery because he really knows how to pick those numbers. Gary would be said to have a strong ____ locus of control,"External, powerful others",Internal,"External, chance",Secondary,B,True,0.22303157,0.47215784,0.17369716,0.1311135
The advanced directive where one specifies the types of medical intervention that are and are not desired is called a,Living will,DNH,DNR,Durable power of attorney,A,False,0.3032129,0.32276845,0.19576897,0.17824967
"If links between various diseases are found, then future older adults will probably",Take fewer medications,Be able to avoid certain diseases,Pay far less for pharmaceuticals,Pick and choose the disease(s) they want,A,False,0.24522835,0.36813137,0.1633573,0.22328296
With respect to hair loss,Men lose but women do not,Men are more systematic than women,Women lose hair less frequently but more rapidly than men,Environmental factors are the main causes,B,True,0.11281465,0.38164705,0.2880823,0.21745594
"In this chapter's Senior View, Pat Shelley told us that you shouldn't retire if",You can't do it right,You're younger than 60,Your family wants you to keep working,You have no hobbies,A,False,0.15922044,0.30690545,0.25443354,0.27944058
"A person who is not very well organized, rarely sets goals, and frequently puts things off until the last minute would be said to be low on which trait?",Agreeableness,Conscientiousness,Openness,Neuroticism,B,True,0.13169676,0.6482342,0.12371766,0.09635141
As working people get closer to retirement they are more likely to,Be absent from work,Invest in craft and hobby books,Do some informal planning,Become irritated and anxious,C,False,0.18209934,0.4103672,0.21965374,0.18787979
Older adults may show less major depression than younger adults because they,Have learned to cope with loss,See major depression as a stigma,Have very different brain biochemistry,Are no longer concerned with emotional matters,A,False,0.16661038,0.32114992,0.31126916,0.20097049
The different components of memory should be thought of as,Being very independent,Working one at a time,Working as a system,Taking turns,C,True,0.03862564,0.16262002,0.72881234,0.069942
"Very rapid disposal of the body, before sundown on the day of the death, is typical of which religion?",Islam,Hindu,Jewish,Tao,B,False,0.36600482,0.34382972,0.16756922,0.122596264
An example of an objective test of personality is the,TAT,MMPI,Rorschach ink blot test,McAdams test of levels,B,True,0.20877573,0.47048336,0.19009246,0.13064851
"When a measure actually quantifies what it claims to measure, we say that it has good",Accuracy,Validity,Reliability,Associative value,B,True,0.25111365,0.44071814,0.18955052,0.11861768
In which country do most individuals choose to be cremated?,Japan,U. S. A.,Kenya,Mexico,A,False,0.43661952,0.45047933,0.039362445,0.07353873
A possible positive effect of moderate alcohol consumption is that it may,Inhibit the growth of cancers,Promote healing from injuries and illnesses,Keep blood vessels from stiffening,Result in relaxation and lower blood pressure,C,False,0.17749114,0.41267926,0.18893832,0.2208913
The environmental design that brings pets and plants to nursing homes and young people and children as regular visitors is referred to as,Instrumental Living Design,The Humanistic Choice,Human-Environment Congruence,The Eden Alternative,D,True,0.06698961,0.3097568,0.21289252,0.41036108
Excess disability refers to symptoms that are,Not due to the disease but due instead to malignant social psychology,In excess of the average for that particular disorder,Found only in the last stage of Alzheimer's,Those that can be successfully treated by medicine if they are caught early enough,A,False,0.17977297,0.44494238,0.14445165,0.23083307
Well being for younger adults is positively related to which form of control?,Positive reappraisal,Lowering of aspirations,Primary,Internal,C,False,0.21358491,0.3308068,0.21358491,0.24202342
Which of the following is NOT one of the major reasons for the increase in numbers of older adults?,The Baby Boom generation,The steadily increasing birth rate,Increases in life expectancy at birth,Increases in life expectancy at a specified age,B,False,0.10290086,0.27110764,0.28859258,0.33739892
Before we can collect data from other human beings we must make sure that they,Have information that will be worth our effort to collect,Are going to be honest and forthright,Are informed about our study and give their consent to participate,Have been granted permission to participate by the IRB,C,True,0.04624687,0.16654138,0.52926743,0.25794435
"In this chapter's Senior View, May Lee told us that we should all respect our elders because",They are much older than we are,They raised us,They lived through difficult times,They ask nothing in return,B,False,0.069382496,0.23471795,0.3750782,0.32082137
One line of evidence against antagonistic pleiotropy is that,Women who have more children tend to live longer,Some animals show little or no senescence,Even tissue cells with longer telomere strands can show senescence,Exercise increases rather than decreases longevity,A,False,0.18179774,0.35042432,0.21928994,0.24848805
Loss of muscle fiber may be due to loss of neurons which may be due to,Clogged blood vessels,Loss of bone density,Changes in hormone levels,Loss of collagen,A,False,0.12690315,0.31408828,0.3908892,0.16811936
"After losing a spouse, the surviving spouse often dies within the first year because of",Stress and loss of social support,Having the same disorder as the deceased,The inability to remarry quickly,They have the same defective genes,A,False,0.15529461,0.2993382,0.2812022,0.264165
Which of the following factors has NOT received as much support as the others in research investigating why social support is related to better health?,Social,Behavioral,Psychological,Gerontological,B,True,0.19262947,0.3276738,0.23235552,0.24734116
Older adults' coping strategies are generally,Ineffective at solving problems,Variable as they have more strategies,Persistent as they use the same strategy over and over,Narrow as they ignore many aspects of the problem,B,True,0.19121282,0.33558893,0.2696533,0.20354497
Men are more likely than women to die from,Septicemia,Stroke,Suicide,Influenza,C,False,0.17080927,0.422757,0.24087968,0.16555402
The slowing that occurs with advanced age appears to be centered in,The sense organs themselves,The brain,The muscle fibers,The peripheral nervous system,B,True,0.1882799,0.6571614,0.076071955,0.07848674
One possible reason that time seems to pass more rapidly for older adults is that,Their memories are poor so they forget to check the time,They have fewer novel experiences,They pay less attention to important events in life,Their lives are full of events which they don't recall at a later time,B,False,0.09861761,0.2944178,0.2518289,0.35513568
"If we found that adult age was significantly and positively correlated with consumption of herbal teas, we could conclude that",Drinking herbal teas makes one grow older more slowly,Becoming older causes one to begin or increase consumption of herbal teas,Older adults drink less herbal tea than do younger adults,Older adults drink more herbal tea than do younger adults,D,False,0.18660904,0.43387902,0.18086769,0.19864428
The initials ADL stand for,Activities of Daily Living,American Disease Legion,Always Delay Learning,Ancient Dependent Ladies,A,True,0.7026347,0.17218803,0.04634378,0.07883343
The dementia that results from a long-term deficiency of thiamine is one type of ____ dementia,Alzheimer's,Korsakoff's,Creutzfeldt-Jakob,Lewy body,B,True,0.08938787,0.7484355,0.11124501,0.050931673
The initial length of telomere stand for members of a species is,Always the same,Determined genetically,Dependent upon climate and time of year at birth,Determined by parent diet and exercise,B,True,0.104582675,0.46870703,0.243162,0.1835483
The current record for longest lived human being is held by,Jeanne Calment,Maggie Kuhn,Maria Esther de Capovilla,M. Cherie Clark,A,True,0.3534634,0.34258848,0.18919533,0.11475277
Glaucoma refers to the condition in which,Fluid pressure in the eye is above normal,Inner and outer layers of the retina separate,The lens becomes cloudy and opaque,The central part of the retina no longer functions,A,False,0.26811355,0.3134565,0.19615608,0.22227396
Workers in which of the following jobs still have mandatory retirements once they reach a certain age?,Cab drivers,Fire fighters,Insurance regulators,Computer programmers,B,True,0.20034552,0.4514856,0.1768043,0.1713646
Validation therapy refers to treatments in which the person with dementia,Is carefully monitored day and night,Is treated like a fellow human being,Is left alone to die peacefully,Is given double or triple doses of medication,B,True,0.13542923,0.7793414,0.042614695,0.042614695
Surveys of bereaved individuals have found that one of the things that is reported as being most helpful is when others,Avoid any discussion of the deceased,Remain in close contact,Stay away and let the person grieve,Change the home environment for the bereaved,B,True,0.09611869,0.6074888,0.19722274,0.09916982
"An example of a gain, rather than a loss, that occurs as we grow older is our gain in",Perspective,Quickness,Size of our social networks,Certainty,A,False,0.08703146,0.22224261,0.5331323,0.15759361
Which of the following appears to remain relatively stable over the adult years?,Sensory memories,Personal concerns,Marital strain,Job satisfaction,A,False,0.28412414,0.40067926,0.14286658,0.17233
Which of the following is always the longest?,Life expectancy at birth (LEAB),Life span,Life expectancy at a specified age (LEASA),There is no way of knowing,B,True,0.19642046,0.39062873,0.19037724,0.22257355
"Of the following, which is the more frequent stereotype of older adults?",Full of wisdom and knowledge,Healthy and independent,Confused and disoriented,Sleepy and lazy,C,False,0.097761594,0.424657,0.352053,0.12552837
One reason that older adults may have difficulty in retrieving memories is that,Long-term memory often discards older and unused memories,There are many more memories to search through to find the one that is sought,Older adults quit searching because they have more important things to do,Memory is less well organized as we grow older and finding a memory can be quite difficult,B,True,0.1637975,0.33609065,0.17436153,0.32575023
Even a small amount of sleep deprivation seems to,Increase weight,Improve sleep quality,Disrupt attention the next day,Increase irritability,B,False,0.27938986,0.24656068,0.39400283,0.080046535
NEAT may be one way in which some people are able to maintain a healthy BMI; NEAT refers to,Eating the right kinds of low calorie foods,"Daily activities like walking, gesturing, and even fidgeting",Intense aerobic exercise practiced at least 3 times a week,Surgical removal of fatty tissue,B,True,0.08346209,0.7210024,0.09166517,0.10387025
"Over the last decade or two, which of the following causes of death has shown a huge increase?",Alzheimer's,Cancer,Cardiovascular diseases,Homicide,A,False,0.113610275,0.49350053,0.2641518,0.12873732
Which of the following statements is TRUE concerning older workers' job performance?,Older workers always perform better because of their vast experience,"Older workers never perform better than younger workers because with age, a worker's skills decline.",Job performance for older workers depends both upon the decline of skills and the benefits of experience,Most jobs are performed better by younger adults but a few are performed better by older adults,C,False,0.11640218,0.34751272,0.23884177,0.2972434
Older adults' negative beliefs about their own memories seem to be more influenced by _____ than by their actual performance on memory tests,Negative stereotypes about older memory,Time of day and weather conditions,Who they are speaking with,Their slower processing speed,A,False,0.2188758,0.32857147,0.11355126,0.33900145
Which of the following is NOT one of the more frequently named activities by those who are retired?,Volunteering,Travel,Redoing the home,Household chores,C,False,0.11845216,0.28415194,0.27540952,0.32198635
The retirement phase that occurs least frequently is the ____ phase,Disenchantment,Honeymoon,Retirement routine,Preretirement,A,False,0.20482007,0.3376912,0.21802983,0.23945892
Which of the following is the most important variable for gerontological researchers?,Age,Gender,Cohort,Time of measurement,A,False,0.22359687,0.33565867,0.2306946,0.21004984
Which of the following does NOT increase the risk of falling?,Taking many prescription medications,Visual impairment,Having no emotional support,A change in walking style or gait,C,False,0.1748023,0.31652606,0.25433582,0.25433582
The main reason given by men and women for their long lasting marriage is that,They are best friends,They must fulfill their vows,They agree on almost everything,They owe it to their children,A,False,0.17831376,0.50009334,0.14327915,0.17831376
"An older adult who has received a message (e.g., it's going to rain tomorrow) would be most likely to remember what when telling another person?",The person who told them it would rain,Where they were when they received the message,The contents of the message,The time of day that the message was received,C,True,0.11464052,0.2583464,0.41283637,0.21417668
The lifespan perspective says that development is composed of gains and losses; this means that,We gain while we are younger but lose when we are older,We gain some things and lose others at every age,For every aspect of development there is no overall change since each gain is offset by loss,Gains are far more important than losses but losses occur too,B,True,0.16592786,0.36241975,0.20650056,0.26515198
Identity refers to one's,Use of a particular coping strategy,Control over one's own life story,Physical appearance and overall personality,Coherent sense of self,D,True,0.067090206,0.1511901,0.2199803,0.5617394
Current estimates of how many people exercise on a regular basis suggest that _____ do,Less than 50%,More than 75%,Less than 25%,More than 50%,A,False,0.11415999,0.46584404,0.20671704,0.21327893
An increased frequency of urination in older adults is most likely caused by,Prostate cancer,Smaller bladder,Kidney problems,Gall stone(s),B,True,0.07898945,0.40114152,0.37683758,0.14303142
Some research has found that later cognitive decline is predicted by earlier,Cardiovascular problems,Loss of muscle strength,Immune system decline,Graying of hair,B,True,0.2606635,0.50244206,0.14395207,0.09294244
The law that requires all healthcare institutions that receive Medicaid funds to inform patients about advance directives is called the,Patient Self-Determination Act,Informed Consent Act,Advance Directive,Medicaid Directive Information Act,A,False,0.3121753,0.35374096,0.20795357,0.12613022
Which of the following is NOT among the top 10 causes of death in the U. S.?,Kidney diseases,AIDS,Septicemia,Accidents,B,False,0.10790229,0.30261943,0.23568025,0.35379797
Presbyopia refers to,The point of clearest vision moving closer to the eye,The decline in vision with advanced age,The loss of hearing for higher pitch as one grows older,The point of clearest vision moving farther from the eye,D,False,0.31237113,0.5835861,0.019969217,0.08407355
The design of products and environments to fit the capabilities of people who use them or live there is called _____ design,Environmental,Ecological,Ergonomic,Eclectic,C,True,0.026061181,0.10972166,0.8364752,0.02774198
The insurance program for poor people of all ages is called,Hospice,Medicaid,Medicare,Respite,B,True,0.15859282,0.60794836,0.15371342,0.07974547
When damage to the brain is irreversible and increasing we refer to the disorder as,Delirium,MCI,Dementia,Pick's,C,True,0.0153227225,0.08817618,0.71557534,0.18092577
Grandparents with grandchildren in college report feeling especially loved when such grandchildren,Ask about their satisfaction with life and offer to help,Visit during the holidays and bring gifts,Pay a surprise visit and ask for advice,Invite the grandparents over to their place and cook a good meal,C,False,0.20446895,0.32674044,0.18044321,0.28834742
The influence of genetics on longevity is estimated to be about,20%,33%,50%,75%,B,True,0.12232093,0.45447737,0.27565446,0.1475472
Older adults are most likely to be involved in a traffic accident when they are,On foot,Driving in a new location,A passenger in a younger person's car,Alone,A,False,0.11503967,0.29376408,0.18966834,0.40152788
Life stories are more likely for people who have a sense of,Well being,Personal control,Generativity,Humor,B,True,0.20816793,0.45468056,0.21477589,0.122375615
The idea that the ability to complete a task depends on the fit between the environment and the person undertaking the task is a basic tenet of which of the following theories of aging?,Environmental,Ecological,Fitness,Congruence,B,True,0.18822391,0.5619328,0.17137983,0.0784634
Neuroticism has been found to be correlated with which of the following?,Anger and guilt,Apathy and indifference,Deceit and cunning,Mania and hypertension,A,False,0.411149,0.42420027,0.086181514,0.078469165
The Apo-E 2 protein is very prevalent in people who,Die young,Live to be 100 or older,Have healthy immune systems,Also have high levels of Apo-E 4,B,True,0.16081649,0.43714455,0.18222895,0.21981008
Information coming into our cognitive system is thought to first enter a,Sensory memory,Perceptual processor,Working memory,Meta-memory,A,False,0.23250416,0.40805748,0.21841744,0.1410209
Omega 3 appears to reduce the risk of,Some cancers,Cardiovascular disease,Arthritis,Insomnia,B,True,0.1579988,0.70810145,0.090025,0.043874677
"The term ""senescence"" refers to",An increased vulnerability,The process of becoming older,The loss of mental abilities,Biological aging,A,False,0.22645073,0.36186722,0.060948383,0.35073373
Which of the following is caused by a prion?,Vascular dementia,Alzheimer's,Creutzfeldt-Jakob,Huntington's,C,True,0.039167482,0.27187622,0.5240551,0.16490126
A difference between the social networks of older and younger adults is that older adults have,Larger inner circles,Larger outer circles,Smaller inner circles,Smaller outer circles,D,False,0.23065943,0.48830602,0.1536523,0.12738225
The first person to measure and compare the response times of young and old was,Francis Galton,William James,Michelle Meer,Tom Penge,A,False,0.41786313,0.43112755,0.09619756,0.05481172
About what percentage of people who have had bridge jobs say it was better than their career job?,Less than 25%,Less than 50%,More than 50%,More than 75%,C,True,0.08590875,0.3397757,0.36168936,0.21262619
We want our measures to be as reliable as possible; reliability refers to,Whether our measure really measure anything at all,Whether our measure is really measuring what it claims to measure,Whether our measure is consistent in the information it provides,Whether our measure has or has not been used before,C,False,0.045984052,0.4098514,0.35056448,0.19360009
A problem in comparing older adults' memory for recent events and events that happened a long time ago is that recent events,May be very well rehearsed,Are far more meaningful,Have no denominator to help in computing an average,Can be verified while older events often cannot,D,False,0.12061489,0.36008954,0.24748568,0.27180985
"Of the following types of memory, which shows the biggest deficit with advanced age?",Sensory memory,Episodic memory,Semantic memory,Procedural memory,B,True,0.20603679,0.40975308,0.15073974,0.23347028
The loss of a ____ is regarded in the U. S. as the most severe loss and frequently produces guilt in addition to other emotions.,Spouse,Parent,Child,Sibling,C,False,0.58627146,0.276935,0.07690208,0.0598914
DNA damage/repair theory claims that senescence is due to cells getting incorrect instructions from DNA damaged by sources such as,Radiation from anti-oxidants,Metabolic processes,Free radicals and sunlight,Telomerase,C,True,0.047833685,0.24291949,0.54742754,0.16181926
Comorbidity is a problem for older adults because it,Makes correct diagnoses difficult,Increases funeral costs,Is very contagious,"Cannot, at present, be cured",A,False,0.18346931,0.3764546,0.10785605,0.33222002
"With respect to theories of senescence, it's probably safe to say that",Programmed theories are the best we have at present,Many theories will have to be combined to explain senescence,The evidence for these theories is direct and quickly accumulating,All of these theories are merely speculation at this point,B,True,0.14402483,0.33486775,0.21620686,0.30490056
Current life expectancy in the United States is about,78,82,68,75,A,False,0.17716672,0.4667721,0.21370384,0.14235745
A burial site where the body is allowed to decompose naturally without a casket is called a _____ cemetery,Naturalistic,Green,Rapid decay,Sunshine,B,False,0.39248362,0.33570904,0.14438666,0.12742077
Older adults with higher education and self-esteem are more likely to be,Sexually active,Socially isolated,Lonely as they grow older,Married for a long time,A,False,0.16364433,0.33577636,0.26980388,0.23077549
BMI is regarded as a better measure of health than weight by itself because BMI is based on weight and,Height,Bone structure,Immune Function,Diet and exercise,A,False,0.3035954,0.5497402,0.051133804,0.095530525
Morbidity refers to,Death,Social and emotional isolation,Increased disability and declining health,A period of intense personal loss,C,True,0.03179336,0.12574518,0.794734,0.047727484
Older adults are able to improve their memories and reduce their anxiety about declining memory when,They learn about memory and aging and learn some techniques,They simply learn a number of memory improvement techniques,They learn that many aspects of memory do not decline and some even get better,Older adults cannot do either of these,A,False,0.2009149,0.399567,0.22766642,0.17185163
Hearing loss for higher pitch is referred to as,Presbyopia,Presbycusis,Pitch deafness,Conductive loss,B,True,0.19541587,0.6210304,0.10459858,0.07895516
"In this chapter's Senior View, Tolly Kleckley told us that personality",Changes a lot past age 50,Doesn't change past age 50,Pretty much stays the same,Changes more for women than for men,C,False,0.1470985,0.4530953,0.22783062,0.17197557
The Kingbergs give us several keys to successful aging; which of the following is one that they did not name?,Eat the correct food but not too much.,Respect each other,Party at least once a month,Make long-range plans,C,False,0.15905961,0.29716247,0.21740872,0.32636914
Those who have lost a close family member to suicide most often experience,A lack of support from others,A desire to kill themselves,Feelings of relief and release,Severe but temporary cognitive impairment,A,False,0.2528408,0.28650615,0.22313121,0.23752193
"Our bodies have a natural, built in defense against free radicals that is referred to as",AFR,SOD,Vitamin C,Telomerase,B,True,0.19763717,0.52070457,0.112610266,0.16904803
Open-ended questions on a survey often make it difficult to,Get people to fill the survey out,Interpret the answers you get from people,Collect data in a timely manner,Get anyone to believe your results,B,True,0.2228067,0.42947116,0.18471326,0.16300887
Which of the following groups is likely to have the more positive view of aging and older adults?,Other older adults,Children younger than 10,Young adults,Adolescents,A,False,0.2811902,0.34994683,0.18155003,0.18731305
The paradox of well-being refers to the finding of high levels of happiness among,Unhappy people,Older adults,People with very low SES,Terminally ill people,B,True,0.15080361,0.63490695,0.11383254,0.10045686
The Supreme Court has now ruled that older workers need no longer prove _____________ to win a job discrimination suit.,Discrimination,Age bias,Negative impact,Intention,D,False,0.24662969,0.52211505,0.14052536,0.09072999
The decline in working memory with advanced age seems to be due to,A loss of resources and slower processing speed,An increase in the inhibition of relevant information,A general decline in the ability to process information,A severe loss of neural connections and decreased blood flow,A,False,0.17666748,0.30052152,0.18227552,0.3405355
A disadvantage of institutional care is that the staff frequently teach older residents to be,Rude,Dependent,Independent,Selfish,B,True,0.20121634,0.4394969,0.22099292,0.13829383
"If you believe that we are mostly in control of our own development and that our behaviors, good or bad, determine how successful our aging with be, you would be said to have which of the following perspectives?",Organismic,Nurture,Continuity,Mechanistic,A,False,0.2645672,0.43619758,0.1818342,0.11740099
The age at which one can receive full benefits from social security,Is 62,Is 65,Has been increasing,Will never change,C,False,0.09987605,0.40755665,0.33787632,0.15469106
Loss of stomach lining can lead to symptoms that resemble,Anorexia,Dementia,Senescence,Hepatitis,B,True,0.18188225,0.4944072,0.2263561,0.09735455
Which of the following has NOT been shown to be an effective treatment for depression in older adults?,Rigorous exercise,Life review,Mental stimulation,Anti-depressant drugs,C,False,0.11502597,0.2674434,0.284692,0.33283865
The term Baby Boom Generation refers to people who,Were born before WW II,Have had an extraordinary number of offspring,Were born right after WW II,Have raised their children in small villages,C,False,0.18768212,0.5603153,0.1416699,0.11033263
Older workers are more likely to,Be absent from work,Be dissatisfied with their jobs,Be less productive,Be laid off,D,False,0.21973285,0.3737782,0.20641993,0.20006905
"Mabel Davis, in this chapter's Senior View, would agree with which of the following?",Time seems to speed up when you grow older,Exercise keeps your mind sharp,Women are tougher than men,Glasses and hearing aids should be avoided,A,False,0.18292876,0.3111723,0.19472666,0.3111723
"The information stored in memory, according to research and our Senior View interviewees, is",True to life,Our own interpretation,Always exaggerated,Never accurate,B,True,0.15759945,0.3900624,0.26808572,0.18425243
"When speaking with an older adults with some hearing loss, you should",Speak a little slower than normal,Speak loudly into their best ear,Face them so they can watch your lips,Ask another person to translate,C,False,0.15209225,0.35362506,0.25871763,0.23556507
Longevity is strongly associated with higher levels of,Social support,BMI,Alcohol use,Supplement use,A,True,0.42892194,0.32376727,0.07934258,0.16796824
The hypothesis that says adults will remain healthy until very old age and then quickly become ill and die is the ____ hypothesis,Terminal drop,Compression of morbidity,Klagmore-Rensfeldt,Decline avoidance,B,True,0.2724482,0.39640978,0.17590578,0.15523629
The woman who conducted a longitudinal study on herself and found increased retrieval difficulty as she got older was named,Clark,Smith,Whitebear,Ebbinghaus,B,True,0.2461877,0.3934068,0.17457321,0.18583222
