0,1,2,3,4,5,MOSS-7B-A800-FlashAttnSparse-0-BigBird11-Full_correct,MOSS-7B-A800-FlashAttnSparse-0-BigBird11-Full_choiceA_probs,MOSS-7B-A800-FlashAttnSparse-0-BigBird11-Full_choiceB_probs,MOSS-7B-A800-FlashAttnSparse-0-BigBird11-Full_choiceC_probs,MOSS-7B-A800-FlashAttnSparse-0-BigBird11-Full_choiceD_probs
This is a hierarchy of effects or sequential model used to explain how advertising works:,ADD.,AIDA.,PESTLE.,SWOT.,B,True,0.31008452,0.65644896,0.008796421,0.024670172
 _____________is an important element in the communication process. It recognizes that successful communications are more likely to be achieved if the source and the receiver understand each other.,The realm of understanding.,Personal selling.,Noise.,Feedback.,A,False,0.104093514,0.17162119,0.023963688,0.7003216
"In the history of marketing, when did the production period end?",In the late 1800s.,In the early 1900s.,In the 1920s.,After the end of the Second World War.,C,False,0.09769461,0.48086974,0.19428894,0.22714677
The extent to which a service envelops a product varies according to a number of factors. Which of the following is NOT one of the factors?,The level of tangibility associated with the type of product.,Performance-value.,Variations in supply and demand.,The way in which the service is delivered.,B,False,0.14060809,0.29766732,0.25460833,0.3071163
"The owners of independent gasoline stations in a community meet secretly and agree to keep their prices high to protect their profitability. If their plan is discovered and they are charged with a crime, they could be",found guilty under the Sherman Antitrust Act and face prison time,found guilty under the Magnuson-Moss Warranty Act and face large fines,found guilty under the Adamson Act and face prison time and fines,found not guilty because retailers are allowed to set their own price levels,A,True,0.32384542,0.3042246,0.1628397,0.20909032
 The term 'marketing mix' describes:,A composite analysis of all environmental factors inside and outside the firm.,A series of business decisions that aid in selling a product.,The relationship between a firm's marketing strengths and its business weaknesses.,A blending of four strategic elements to satisfy specific target markets.,D,True,0.07073011,0.14512877,0.047116414,0.7370247
__________ have the potential to control the type and flow of information to the organization and the members of the DMU.,Gatekeepers.,Buyers.,Users.,Initiators.,A,True,0.58498526,0.27632746,0.054412108,0.08427512
 An imbalance between a consumer's actual and desired state in which recognition that a gap or problem needs resolving is called:,Motive development.,An attitude.,A self-concept.,Product evaluation.,A,False,0.22589545,0.31856364,0.08310229,0.37243864
 Which of the following is not an element of the marketing mix?,Promotion.,Product.,Target market.,Pricing.,C,False,0.1781279,0.3327867,0.22168374,0.26740164
 Providing free samples of perfumes (scent) in magazines is an example of which of the following?,Classical conditioning.,Operant conditioning.,Social learning.,Behavioural learning.,A,False,0.23052014,0.6073397,0.09609509,0.06604513
Why is market segmentation carried out?,To break down large markets into smaller markets.,To provide an opportunity to surpass competitors.,"By grouping together customers with similar needs, it provides a commercially viable method of serving these customers.",To allow the achievement of greater market share.,C,True,0.058932174,0.28114966,0.59519386,0.06472433
" There are three main types of buying situations in an organization, referred to by Robinson, Faris, and Wind (1967) as _____________.",Repeat purchases.,Buyphases.,Buyclasses.,Tenders.,C,False,0.21906845,0.3966817,0.32886067,0.055389177
"Where the winning bidder obtains an unprofitable contract that he/she is duty bound to deliver because their bid price was set so low, this is known as:",Winner's curse.,Winner's price.,Winner's reward.,Loss-leader pricing.,A,True,0.3265295,0.3265295,0.13611774,0.2108233
This allows us to determine how the quantity of an offering relates to the price at which it is offered:,Price bundling.,Price elasticity.,Price inelasticity.,Price inflation.,B,True,0.12435494,0.6935962,0.09386803,0.08818086
 ________________ occur(s) where there is no prior history of exchange and no future exchanges are expected between a buyer and seller.,Relationship marketing.,Service mix.,Market exchanges.,Service failure.,C,False,0.4833902,0.28417042,0.098206684,0.13423261
A method of marketing by electronic mail wherein the recipient of the message has consented to receive it is called:,Search marketing.,Internet advertising.,Permission-based email marketing.,Social web marketing.,C,True,0.013438565,0.17427397,0.78104174,0.0312456
" Collectively organizations that combine to enable offerings to reach end users quickly and efficiently constitute a marketing channel, are sometimes referred to as a:",Vehicle.,Courier.,Transportation.,Distribution channel.,D,True,0.035902835,0.100692,0.07140132,0.79200387
 Which of the following are the three broad groups of organizational characteristics segmentation criteria?,"Organizational size, industry type, and gender.","Psychographics, purchaser, and behavioural criteria.","Organizational size, industry type, and geographical location.",None of the above.,C,False,0.04612286,0.8979,0.02886295,0.027114231
Which of the following is the name for a coupon that is included in a package for later purchase?,a free-standing coupon,an instant-redemption coupon,a bounce-back coupon,a rebate coupon,C,False,0.20657371,0.38593048,0.24150914,0.16598664
" Advertising is employed as a defence, to retain customers, and to increase brand usage. Advertising is used to reinforce existing attitudes, not necessarily to drastically change them. This idea is based on:",Strong theory.,Weak theory.,ATR framework.,DRIP model.,B,True,0.21829553,0.46213165,0.16477811,0.15479471
"_____________ is an assessment of a company's mix of products, services, investments, and other assets in order to optimize the use of resources and to assess its suitability, level of risk, and expected financial return.",SWOT analysis.,Political analysis.,Portfolio analysis.,Competitive analysis.,C,False,0.78886926,0.12481724,0.04180854,0.04450496
" These goods are low-priced products that are bought frequently, are used just once, and incur low levels of purchase risk:",Non-durable.,Durable.,Generic.,Luxury.,A,False,0.25309208,0.5357959,0.10885355,0.102258444
Which of the following processes is not fundamental in explaining how consumers think and learn about products and brands?,Cognition.,Perception.,Learning.,Personality.,D,False,0.20435663,0.35865703,0.19806923,0.23891708
 ________________is used to influence the way an organization is perceived by various groups of stakeholders.,Direct marketing.,Public relations.,Sale promotion.,Advertising,B,True,0.16963457,0.73685896,0.036686048,0.056820463
Marketing that moves away from a transaction-based effort to a conversation (i.e. two-way dialogue) and can be described as a situation or mechanism through which marketers and a customer (e.g. stakeholders) interact usually in real-time is known as:,Digital marketing.,Interactive marketing.,Direct marketing.,Electronic marketing.,B,True,0.17709021,0.63772637,0.06721586,0.117967516
 The differentiation of a firm's products or services to promote environmental responsibility is referred to as:,Social branding.,Eco-branding.,Me-too branding.,Brand personality.,B,True,0.07531696,0.83543724,0.050171904,0.03907392
 Which of the following is the rate at which a market adopts an innovation?,Process of diffusion.,Process of differentiation.,Adoption process.,Adoption lifecycle.,A,True,0.30145714,0.182843,0.25784996,0.25784996
Micromarketing is directed at potential buyers who,have excess disposable income,are between the ages of 8 and 14,share similar attitudes and behaviors,have opted out of customized marketing,C,True,0.0949907,0.22086,0.34207466,0.34207466
 This is a group of people in the process of diffusion who enjoy being at the leading edge of innovation and buy into new products at an early stage:,Late majority.,Early adopter.,Early majority.,Laggards.,B,True,0.0909081,0.88989115,0.010199606,0.009001121
 What channel structure is it where the product goes directly from the producer to the final customer?,Direct.,Indirect.,Hybrid.,None of the above.,A,True,0.44100887,0.17818369,0.037349332,0.34345806
"Joint creation of value, in which customers take part in an active dialogue and co-construct personalized experiences, is referred to as:",Interactive marketing.,Co-creation experience.,Relationship marketing.,Organization marketing.,B,True,0.27997175,0.44739354,0.19242157,0.08021324
"This form of marketing communications tool is referred to as 'a paid, mediated form of communication from an identifiable source, designed to persuade the receiver to take some action, now or in the future'. This is referred to as:",Advertising.,Personal selling.,Public relations.,Publicity.,A,True,0.3670115,0.26851135,0.1964471,0.1680301
" The ____________ delivers to us a wide array of offerings, either directly or indirectly, through business markets, to serve our wants and needs.",Aggregate marketing system.,Planning excellence.,A quality rift.,A value line.,A,True,0.5120882,0.31059718,0.039488003,0.13782667
" ____________ describes the extrinsic properties of the product (the colour, the packaging, the product consistency, associations) and level to which these satisfy customers' psychological or social needs.",Brand repositioning.,Brand stretching.,Brand equity.,Brand imagery.,D,False,0.11564959,0.20941435,0.62519574,0.049740262
"AIDA stands for awareness, ________, desire and _________.",Interest; action.,Intensity; appeal.,Involvement; action.,Involvement; appeal.,A,False,0.21975468,0.36231422,0.17657785,0.2413533
" This is where intermediaries are given exclusive rights to market the good or service within a defined 'territory', thus using a very limited number of intermediaries:",Exclusive.,Intensive.,Selective.,Direct.,A,True,0.34751034,0.2880962,0.08516107,0.2792324
"Once the agency has discussed the brief with the client, the agency provides a detailed outline of how they intend to investigate the problem. This document is called the ____________:",Research brief.,Research proposal.,Research question.,Research programme.,B,True,0.41807723,0.4737436,0.04406502,0.06411422
" Organizational characteristics, such as organizational size and location, are sometimes referred to as___________.",DMU.,Firmographics.,ACORN,Product usage.,B,True,0.3289658,0.3846,0.16541441,0.12101976
The role of marketing communications is to engage audiences and there are four main tasks that it can be used to complete. Which of the following is not part of the four main tasks?,Differentiate.,Participate.,Reinforce.,Inform.,B,True,0.18871295,0.32101157,0.18871295,0.30156246
The process of making large numbers of unsolicited sales calls to potential customers whom the salesperson does not know is referred to as,multilevel marketing,cold canvassing,the center-of-influence method,the sales-associate method,B,True,0.17688297,0.4516865,0.15129603,0.22013442
 The process by which individuals accept and use new propositions is referred to as:,Decision.,Adoption.,Acquisition.,Awareness.,B,True,0.26252717,0.64976096,0.014810769,0.07290116
 Which of the following occurs when competitors' pricing policies are almost exclusively focused on competitors rather than customers?,Price differentiation.,Price fixing.,Price wars.,Price guarantees.,C,False,0.22729261,0.43811798,0.22029956,0.11428991
A commonly used basis for segmenting consumer markets is:,Organizational size.,Demographics.,Product type.,Price.,B,True,0.17296688,0.7751838,0.015593438,0.03625583
" In B2B contexts, prices are set according to specific agreements between a company and its clients or customers (e.g. professional services such as architectural or structural engineering).This pricing approach is known as:",Negotiated price,Internal pricing.,Listed pricing.,Cost pricing.,A,False,0.29323685,0.3537112,0.1385153,0.21453668
" Once referred to as a multibrand policy, this branding strategy requires that each product offered by an organization is branded independently of all the others. This is known as:",Individual branding.,Corporate brands.,Family branding.,Co-branding.,A,False,0.2733353,0.32970533,0.15574177,0.24121758
 This is the use of inter-personal communications with the aim of developing positive feelings and stimulating behaviour.,Direct marketing.,Personal selling.,Sale promotions.,Advertising.,B,True,0.16594082,0.79165936,0.016951922,0.02544785
" An approach that encompasses a wide range of relationships, not just with customers, but also those that organizations develop with suppliers, regulators, government, competitors, employees, and others, is referred to as:",Market exchanges.,Service failure.,Relationship marketing.,Shared responsibility.,C,True,0.009905505,0.057002243,0.9199696,0.013122661
"In marketing terms, ___________ refers to what we get for what we pay:",Revenue.,Cost.,Value.,Product.,C,True,0.09236201,0.22859818,0.5837459,0.0952939
 _______________ is concerned with the development of knowledge that is specific to the parties involved and is referred to as 'learning together'.,Dialogue.,Personal influencer.,Feedback.,Message.,A,True,0.4319762,0.31604055,0.07744906,0.17453416
 The process that creates changes in behaviour is called:,Selective adaptation.,Learning.,Involvement manipulation.,Attitude adjustment.,B,True,0.0821608,0.8297947,0.017768519,0.07027586
Which of the following is the most appropriate pricing strategy to use when introducing a new and unique product to the market?,Price skimming,Promotional pricing,Psychological pricing,Penetration pricing,A,False,0.2582718,0.37578326,0.15183017,0.21411486
Which type of shop offers a range of grocery and household items that cater for last-minute purchase needs of consumers?,Supermarkets.,Convenience stores.,Category-killer stores.,Limited line retailers.,B,True,0.3219218,0.41335577,0.15689215,0.1078303
 Post-purchase re-evaluation of the consumer proposition acquisition process attempts to measure the degree of:,Selling success experienced by the vendor.,Consumer satisfaction with the purchase.,Follow-up effectiveness of the firm.,Advertising influence on the purchase.,B,True,0.18468058,0.5179495,0.13940422,0.15796569
" Many brands are deliberately imbued with human characteristics, to the point that they are identified as having particular personalities. This is referred to as:",Branding pyramid.,Brand value.,Brand names.,Brand personalities.,D,True,0.009641697,0.03582325,0.030641247,0.92389375
Marketing research:,Is work undertaken to understand how to make specific marketing strategy decisions.,Is the collection and analysis of data from a sample or census of individuals or organizations.,"Includes all forms of market, opinion, and social research such as consumer and industrial surveys.",Is work undertaken to determine either structural characteristics of the industry of concern.,A,True,0.413216,0.413216,0.09220096,0.08136705
____________ is very effective at delivering messages to target audiences as it allows for explanation in a way that most other media cannot.,Digital.,Print.,Broadcast.,Outdoor.,B,True,0.22267546,0.37878373,0.084518075,0.31402272
 This is a marketing communications activity concerned with providing support for the sales force and merchandising personnel:,Store marketing.,Field marketing.,Sales promotions.,Personal selling.,B,True,0.17448837,0.43186286,0.13171074,0.26193807
"Services are consumed at the point they are produced. In other words, service delivery cannot be separated or split out of service provision or service consumption. Which characteristic of service is this referred to?",Intangibility.,Variability.,Inseparability.,Perishability.,C,True,0.07624777,0.12970182,0.6795889,0.11446145
These are costs which do not vary according to the number of units of product made or service sold:,Fixed costs.,Moving assets.,Working capital.,Fixed capital.,A,True,0.703816,0.15704258,0.020599503,0.118541956
SWOT is an acronym for:,"Strengths, weaknesses, opportunities, threats.","Strategy, work, openness, toughness.","Strategy, weakness, opinions, tactics.","Strategy, working, opinion, tactical.",A,True,0.8249151,0.11884029,0.012525674,0.0437189
"The three stages of attitude formation are that we learn something, we feel something, and we act on our attitudes. The stage that we learn something is referred to as:",Behaviour.,Conative.,Cognitive.,Emotional.,C,True,0.1568889,0.31201085,0.48325184,0.047848415
"Market testing studies use __________ to carry out controlled experiments in specific country regions, where specific adverts can be shown, before exposing the 'new feature' (offering, campaign, distribution, etc.) to a full national or even international launch.",Test markets.,Data mining.,Analytical information.,Storyboards.,A,True,0.7008383,0.17174782,0.023243539,0.104170315
" When there is little or no personal contact between customer and service provider, this is classified as:",Low-contact service.,Medium-contact service.,High-contact service.,Intense-contact service.,A,False,0.18055293,0.33731726,0.27104205,0.21108776
Which of the following is not an example of a behavioural variable?,Product usage.,Media usage.,Purchase occasion.,Personality.,D,True,0.21131198,0.28882924,0.19240175,0.30745712
" __________ is the collection and interpretation of information about forces, events, and relationships that may affect the organization.",Environmental scanning,Stakeholder analysis,Market sampling,Opportunity analysis,A,True,0.8934444,0.071081996,0.009323929,0.026149606
"ACORN, a segmentation analysis technique, stands for which of the following?",A corresponding official residential notation.,A classification of reported nationals.,A classification of residential neighbourhoods.,A countrywide official resources navigation.,C,False,0.19407324,0.39821243,0.31012815,0.09758615
 A probability sample constructed so that randomly selected sub-samples of different groups are represented in the total sample is called a:,Stratified sample.,Convenience sample.,Quota sample.,Cluster sample.,A,True,0.3301937,0.21318908,0.3006448,0.15597245
"Which of the following terms refers to the paid mention of a company, a product, or a service by a form of media?",Advertising,Public relations,Third-party endorsement,Puffing,A,True,0.66101295,0.24317308,0.049403604,0.046410397
"Marketing period, 1950s-1980s - characterized by a more advanced focus on the ___________.",Society and ethics.,Personal selling.,Physical production.,Customer's needs.,D,True,0.06033463,0.08778636,0.018985134,0.83289385
Which of the following statements is correct?,Marketing is the term used to refer only to the sales function within a firm.,Marketing managers don't usually get involved in production or distribution decisions.,Marketing is an activity that considers only the needs of the organization; not the needs of society as a whole.,"Marketing is the activity, set of institutions, and processes for creating, communicating, delivering, and exchanging offerings that have value for customers, clients, partners, and society at large.",D,True,0.015503479,0.059430912,0.024012258,0.90105337
" Which of the following is a stage in the new product development process, undertaken when a new product is tested with a sample of customers, or is launched in a specified geographical area, to judge customers' reactions prior to a national launch?",Test marketing.,Focused marketing.,Live marketing.,Generic marketing.,A,True,0.6261024,0.2163752,0.034235526,0.12328687
The term marketing refers to:,new product concepts and improvements.,advertising and promotion activities.,a philosophy that stresses customer value and satisfaction.,planning sales campaigns.,C,True,0.10046915,0.19980676,0.6551411,0.04458291
 ____________ is the set of practices that enables organizations to communicate and engage interactively with their audiences through any mobile device or network.,Mobile marketing,Social web marketing.,Internet marketing,Social media marketing,A,True,0.8372177,0.116901785,0.016323145,0.029557401
" According to the British Government, which of the following is not a marketing function?",Promote marketing intelligence.,Develop sales tactics.,Develop the customer proposition.,Work with other business functions and third parties.,B,True,0.16022888,0.31865317,0.21226877,0.30884925
The use of entertainment material delivered through paid or owned media and which features a single company or brand is referred to as:,Sponsorships.,Exhibitions.,Branded content.,Advertisement.,C,True,0.03631631,0.22952618,0.66415596,0.07000152
"Second-hand data, collected for someone else's purposes, is known as____________:",Primary research.,Descriptive research.,Causal research.,Secondary research.,D,True,0.041582793,0.19838041,0.0229642,0.73707265
 Which of the following refers to unsolicited electronic messages?,Opt-in email.,Consent marketing.,Spam.,Opt-out email.,C,True,0.05890372,0.21885386,0.65337694,0.06886542
 The purpose of evaluating the attractiveness of the differing market segments identified in the second stage of the market segmentation process is to:,Identify the specific members of each segment to be able to contact each of them directly.,Determine the level of resources that must be committed to each segment.,Evaluate the market potential within each segment.,Design marketing strategy and tactics to reinforce the firm's image.,C,False,0.16193071,0.3536892,0.33226025,0.15211983
Which of the following types of advertising is being used when a retail store agrees to share advertising costs for a consumer product with the national distributor of the product?,Trade advertising,Industrial advertising,National advertising,Cooperative advertising,D,False,0.20793559,0.3649383,0.28421423,0.14291188
 This pricing approach is used when the firm sets prices according to how much customers are prepared to pay:,Cost-oriented approach.,Value-oriented approach.,Competitor-oriented approach.,Demand-oriented approach.,D,False,0.1711281,0.52711165,0.12519999,0.17656028
"These goods are bought infrequently, used repeatedly, and involve a reasonably high level of consumer risk:",Impulse goods.,Luxury goods.,Non-durable goods.,Durable goods.,D,False,0.19025365,0.37836456,0.20895277,0.22242904
"_____________ helps in 'problematizing hitherto uncontentious marketing areas to reveal underlying institutional and theoretical dysfunctionalities' (Saren, 2011:95).",Production marketing,Sustainable marketing,Relationship marketing,Critical marketing analysis,D,False,0.089634955,0.2939017,0.4144678,0.20199548
"An important characteristic of services is that they are produced and consumed by people, simultaneously, as a single event. One of the outcomes of this unique process is that it is exceedingly difficult to standardize the delivery of services around the blueprint model. Which characteristic of service is this referred to?",Intangibility.,Inseparability.,Variability.,Perishability.,C,False,0.22411875,0.45986181,0.13593489,0.18008447
Which type of retailer involves comparatively low prices as a major selling point combined with the reduced costs of doing business?,Discount retailers.,Convenience stores.,Category killer stores.,Limited line retailers.,A,True,0.4560366,0.3134291,0.08703611,0.14349827
A marketing philosophy summarized by the phrase 'a stronger focus on social and ethical concerns in marketing' is characteristic of the _________ period.,Production.,Sales.,Marketing.,societal marketing.,D,False,0.019561226,0.09332139,0.7813704,0.105746984
"The development of social media has enabled individuals to communicate with organizations, communities, friends, and family. The content of the message can be about brands, experiences, or events, and is developed and shared by individuals. This is referred to as:",Broadcast.,User-generated content.,Viral marketing.,Telemarketing.,B,True,0.045884583,0.8932613,0.040493,0.02036116
" To highlight the variation in approaches to purchasing behaviour, Svahn and Westerlund (2009) identify six principal purchasing strategies used by organizations. The __________ strategy refers to a buyer's efficiency orientation where the main purchasing goal is to seek the lowest price for the offering. To help achieve this, the buyer actively promotes competition among several potential suppliers.",'Bargainer' purchasing.,The 'adaptator' purchasing.,Price minimizer' purchasing.,The 'projector' purchasing.,C,False,0.44700006,0.28860494,0.13632733,0.12806766
" In conducting international market research, there are three types of equivalence. Which of the following is NOT one of the equivalences?",Conceptual equivalence.,Market equivalence.,Functional equivalence.,Translation equivalence.,B,True,0.18121937,0.32814586,0.27204245,0.21859227
Which of the following gives the owner exclusive rights by law to use a brand?,Brand loyalty,Brand mark,Trade name,Trademark,D,True,0.0597539,0.069859385,0.095486455,0.7749003
 Which of the following is not a useful base for segmenting organizational characteristics?,By turnover.,By geographical location.,By organizational size.,By industry type.,A,False,0.22932565,0.40247902,0.21543151,0.15276381
"________ is the process of marketing accomplished or facilitated via the use of Internet technologies (e.g. web, email, intranet, extranets, etc.).",Internet marketing.,Search marketing.,E-marketing.,Mobile marketing.,A,True,0.51841444,0.27748728,0.12704292,0.077055424
Firms that view themselves as market leaders in product quality frequently adopt a,market share strategy,penetration pricing strategy,strategy that focuses on non-price benefits,strategy to expand the overall market,C,False,0.14606589,0.28154936,0.1875523,0.38483235
 Our perception of risk is greater if we are continually reminded of it than if we consider it only at the point of purchase. This is referred to as:,Purchase context.,Price bonding.,Odd number pricing.,Mark-up price.,A,False,0.24331388,0.42702913,0.114933334,0.21472374
 Fees paid by advertisers to online companies that refer qualified potential customers or provide consumer information where the consumer opts in to being contacted by a marketer. This is referred to as:,Lead generation.,Search.,Rich media.,Social media marketing.,A,True,0.58167195,0.250174,0.038365424,0.12978856
Which element of the promotional mix handles unfavorable stories and events and promotes a good corporate image?,Personal selling,Sales promotion,Direct marketing,Public relations,D,True,0.021263752,0.08676939,0.11859969,0.7733671
" This operates algorithmically or using a mixture of algorithmic and human input to collect, index, store, and retrieve information on the web (e.g. web pages, images, information, and other types of files). It makes the information available to users in a manageable and meaningful way in response to a search query. This is referred to as:",Banner ads.,Pop-up ads.,A search engine.,Apps.,C,True,0.016629113,0.020058539,0.9367392,0.026573246
 Four competing philosophies strongly influence the role of marketing and marketing activities within an organization. Which if the following is not a component of market orientation?,Customer orientation.,Profitability orientation.,Interfunctional coordination.,Competitor orientation.,B,True,0.18552497,0.3359423,0.21690065,0.2616321
" To evaluate an organization's Strategic Business Units (SBU), the Boston Consulting Group developed a portfolio performance framework that characterizes some of the SBUs as:",Question marks.,Quick winners.,Charging bulls.,Cash outs.,A,False,0.20291655,0.4432105,0.22286025,0.13101278
Tobacco advertising is now banned in virtually all marketing communication forms in many countries around the world. This can be explained as an influence of:,Technological environment.,Legal environment.,Economic environment.,Ecological environment.,B,True,0.1861334,0.49039617,0.16426215,0.15920833
" Pine and Gilmore (1999) derive four distinct realms of experience, based on two dimensions. What are these dimensions?",Customer participation and environmental relationship.,Customer acquisition and environmental relationship.,Customer participation and customer relationship.,Customer retention and customer relationship.,A,False,0.28338292,0.42540815,0.12974216,0.16146672
"An advertising model in which advertisers bid on keywords or phrases relevant to their target market, with sponsored/paid search engine listings to drive traffic to a website is called:",Search engine optimization (SEO).,Contextual advertising.,Digital asset optimization (DAO).,Pay per click (PPC).,D,True,0.08824638,0.1324735,0.040402137,0.7388779
"These are chains of organizations that are concerned with the management of the processes and activities involved in creating and moving products from producers and manufacturers to end-user customers. The organizations involved with any one journey, are collectively termed as a:",Distribution.,Vendor.,Communication.,Selling.,A,False,0.28441224,0.38874543,0.024087058,0.30275524
 _______________ are used in the positioning process to illustrate differing attributes of a selection of brands.,Product features.,SIC code.,Perceptual maps.,Organizational characteristics.,C,True,0.0782405,0.2486478,0.6550997,0.018011985
"On August 4, a store purchased five sofas invoiced at $7,000, terms 2/10 , n/30 . The invoice was paid August 13. The store paid","$7,140 ","$7,000 ","$6,860 ","$6,300 ",C,False,0.15639307,0.5631931,0.14239751,0.1380164
 Which of the following are aimed at providing customers with the peace of mind of knowing that the company they are purchasing from is competitive in price?,Price competitiveness.,Price assurance.,Reference prices.,Price guarantee schemes.,D,False,0.36252755,0.36252755,0.11407435,0.16087063
"According to Leone and Shultz (1980), the law-like generalization 1 explains that ___________ has a direct and positive influence on total industry (market) sales.",Increased consumer demand.,Advertising.,increase in urbanization.,Elasticity.,B,False,0.4845579,0.27609277,0.086876445,0.1524729
" This is part of the communication process where receivers unpack the various components of the message, and begin to make sense and give the message meaning:",Encoding.,Decoding.,Transfer.,Noise.,B,True,0.117972225,0.8188895,0.027158745,0.035979494
An example of a segmented market would be:,Phillips marketing its product to all residents of the European Union with one marketing mix based on the concept 'Sense and Sensibility'.,High-income and low-income consumers being treated the same at Marks and Spencer (M&S).,A garden nursery seeing residents of urban areas and rural areas as one market needing trees.,Honda separating its potential customers into economy car buyers and luxury car buyers.,D,False,0.20670988,0.48061484,0.14657925,0.16609605
 Psychographic segmentation is based on:,The quantitative side of consumer demographic analysis.,The quantitative side of consumer geographic analysis.,Individuals' residential patterns and life-cycle preferences.,"Grouping people according to their psychological characteristics, values, and lifestyles.",D,False,0.008442808,0.05171847,0.5918866,0.34795216
"A framework categorizes different services, which, in turn, influence the degree to which market offerings can be evaluated, and three main properties are identified:","Search, experiment, and credence properties.","Search, experience, and credence properties.","Sell, trust, and credence properties.","Search, belief, and confidence properties.",B,True,0.2616644,0.52038175,0.12752503,0.09042879
" ____________ distribute the product. They offer value through services associated with selling inventory, credit, and aftersales service.",Distributors.,Agents.,Merchants.,Franchises.,A,True,0.3684824,0.3461572,0.05477002,0.23059042
"This is the process in which offerings move through a sequential, pre-determined pattern of development similar to the biological path that lifeforms follow:",Diffusion process.,Product lifecycle.,Adoption process.,Service development.,B,True,0.40860328,0.44876292,0.06465043,0.077983305
 A 10% increase (decrease) in price produces a 10% decrease (increase) in quantity demanded. This is referred to as:,Zero price elasticity of demand.,Infinite price elasticity of demand.,Unit price elasticity of demand.,Indefinite price elasticity of demand.,C,False,0.16606662,0.36272284,0.3102533,0.16095729
" Which type of research methods are designed to elicit responses to predetermined, standardized questions from many respondents?",Quantitative.,Qualitative.,Non-probability.,Probability.,A,False,0.15532638,0.6539485,0.08058226,0.110142894
" In the _________ stage in the adoption process, consumers become aware of the new proposition. They have little information and have yet to develop any particular attitudes towards the product. Indeed, at this stage consumers are not interested in finding out any more information.",Persuasion,Confirmation,Knowledge,Implementation,C,False,0.33562022,0.5890318,0.03885086,0.036497004
 Which of the following is a type of consumer product bought relatively infrequently and which requires consumers to update their knowledge prior to purchase?,Luxury product.,Shopping product.,Generic products.,Branded products.,B,True,0.18279155,0.42500305,0.17171675,0.22048868
"This is where the perception on the part of a channel member is that its goal attainment is being impeded by another, with stress or tension the result:",Channel communication.,Channel conflict.,Channel relationships.,Customer conflict.,B,True,0.14981675,0.6507743,0.14073981,0.058669087
These are events when groups of sellers meet collectively with the key purpose of attracting buyers:,Exhibitions.,Sales promotions.,Mass media advertising.,Press conference.,A,False,0.23320125,0.57717866,0.06083418,0.12878597
 These objectives are often the most suitable when firms operate in a market dominated by a major competitor and where their financial resources are limited.,Divest objectives.,Harvest objectives.,Hold objectives.,Niche objectives,D,False,0.17761819,0.43960926,0.16172321,0.22104941
 The process of outsourcing a task or group of tasks to a generally large group of people is known as:,Social media marketing.,Internet advertising.,Crowdsourcing.,E-marketing.,C,True,0.03602446,0.1424795,0.6385488,0.1829473
Which of the following is not one of the categories of research design?,Exploratory research.,Descriptive research.,Causal research.,Desk research.,D,False,0.13781999,0.37463355,0.17696436,0.3105821
 This marketing and communication tool offers a direct inducement or an incentive to encourage customers to buy a product/service:,Advertising.,Public relations.,Sales promotion.,Direct marketing.,C,True,0.002097676,0.026366126,0.7705312,0.20100507
 These objectives are often employed in mature markets as firms/products enter a decline phase. The goal is to maximize short-term profits and stimulate a positive cash flow.,Divest objectives.,Hold objectives.,Growth objectives.,Harvesting objectives.,D,False,0.17114106,0.39791486,0.16587558,0.26506844
 Which of the following is the interpersonal communication about products or services where a receiver regards the communicator as impartial and is not attempting to sell products or services?,Word of Mouth (WOM).,Personal Selling (PS).,Direct Marketing (DM).,Customer Service (CS).,A,True,0.42336312,0.31957126,0.08601144,0.17105417
 McDonald's and KFC are good examples of:,Distributors.,Franchising.,Merchant.,Retailers.,B,True,0.1364834,0.5746166,0.12426956,0.16463041
 The way in which the product is delivered to meet the customers' needs refers to:,New product concepts and improvements.,Selling.,Advertising and promotion activities.,Place or distribution activities.,D,True,0.036691748,0.08531087,0.042897,0.83510035
 Which of the following is the investigation of the hedonic consumption of products?,Social interaction perspective.,Functional utilization perspective.,Experiential consumption.,Brand management perspective.,C,True,0.13542609,0.20975202,0.4171417,0.2376802
"These are stores designed to kill off the competition and are characterized by narrow but very deep product assortment, low prices, and few to moderate customer services:",Speciality stores.,Limited line retailers.,Category-killer stores.,Superstores.,C,True,0.10911564,0.2617548,0.48902234,0.14010724
" Which of the following is the communication model that depicts information flowing via various media channels, to particular types of people, to whom other members of the audience refer for information and guidance?",Two-step.,Three-step.,Multi-step.,One-step.,A,False,0.15481351,0.575202,0.17002939,0.09995512
 If an advertisement shows the interior of a train with comfortable seats and plenty of space yet a customer boards a train only to find a lack of space and hard seating. This is an example of:,GAP 4-the gap between service delivery and external communications.,GAP 2-the gap between management perception and service-quality specification,GAP1-the gap between the customer's expectations and management perception.,GAP 3-the gap between service-quality specifications and service delivery.,A,False,0.19356659,0.3292679,0.2645742,0.21259134
" To make sense of the external environment, the well-known acronym, PESTLE is used. PESTLE stands for _____________","The political, economics, substitute, technological, legal, and ecological environments.","The political, economic, social, technological, legal, and ecological environments.","The political, economic, social, treat, legal, and ecological environments.","The purchasing, economics, social, technological, legal, and ecological environments.",B,False,0.66464686,0.22969583,0.03108595,0.07457131
"To be effective, the process of market segmentation must meet which of the following basic requirements?",The firm must avoid focusing on non-variables such as profitability and volume.,The market segment must have measurable purchasing power and size.,The company must expand beyond its marketing capabilities to capture growing markets.,The market segment must reflect the population's changing attitudes and lifestyles.,B,True,0.2750843,0.43958342,0.10772455,0.17760776
" Newsletters, catalogues, and invitations to organization-sponsored events are most closely associated with the marketing mix activity of:",Pricing.,Distribution.,Product development.,Promotion.,D,True,0.0769892,0.3559945,0.015641306,0.55137503
Marketers usually decide whether to conduct marketing research study internally or through an outside organization based on certain criteria. Which of the following criterion is not used?,Whether the study offers value for money.,The agency's reputation.,The likelihood that the research design will provide insights into the management problem.,The size of the agency.,D,False,0.16928135,0.31625918,0.21736154,0.297098
 Which of the following elements is not part of Porter's Five Forces model for industry competitiveness?,Threat of substitutes.,Threat of suppliers.,Power of buyers.,Threat from government.,D,False,0.1793313,0.34567013,0.1793313,0.29566732
 These sell directly to end consumers and may purchase directly from manufacturers and/or deal with wholesalers:,Distributors.,Franchising.,Merchant.,Retailers.,D,True,0.09672252,0.2798759,0.13220401,0.4911975
" Before beginning the market segmentation process, a firm should:",Identify bases for segmenting markets.,Forecast total market potential.,Forecast market share.,Select target market segments.,A,False,0.21095084,0.25445527,0.02854909,0.50604475
The primary objective of team-based selling is to,match various functional areas of the company with customer needs,distribute the work involved in managing an account,equitably manage the sales bonus pool,create multiple points of contact between the customer and the company,A,False,0.1070308,0.18206555,0.113933705,0.5969699
"This level of branding can be seen when a customer attaches a name, term, or other feature that enables them to identify one seller's good or service as distinct from those of other sellers. This branding is known as:",Corporate brand.,Family branding.,Customer branding.,International brand.,C,True,0.20332013,0.26106822,0.30521968,0.2303919
" This is a form of targeted advertising, on websites, with advertisements selected and served by automated systems based on the content displayed to the user.",Contextual advertising.,Interactive marketing.,Internet advertising.,Direct marketing.,A,False,0.16466764,0.22507398,0.50721204,0.10304638
 Primary data are:,Data collected for the first time specifically for a marketing research study.,Less time-consuming to acquire and less costly than secondary data.,Newly-published results of government investigations.,Part of a strategic planning activity to ensure proper resource allocation.,A,True,0.5724878,0.30643064,0.027625557,0.09345606
Salespeople who view a situation as a customer sees it are exhibiting,cooperation,empathy,responsibility,tolerance,B,True,0.22998084,0.50232434,0.07703394,0.19066082
" This is a part of the communication process where the sender selects a combination of appropriate words, pictures, symbols, and music to represent a message to be transmitted:",Encoding.,Decoding.,Transfer.,Feedback.,A,False,0.21110159,0.7141475,0.034461387,0.040289447
 Toyota's Prius and Honda's hybrid Civic are examples of technological products inspired by:,Style considerations in the Japanese automobile industry.,Social pressure to develop more fuel-efficient vehicles with fewer dangerous emissions.,The desire of many engineers to simply make interesting products.,"The realization that Japanese people didn't need large, high-speed cars.",B,True,0.08718334,0.8271725,0.05455794,0.031086177
 This approach has been used to convey particular information and help educate large target audiences through television and radio programmes. This approach is referred to as:,Opinion followers.,Opinion formers.,Public relations.,Opinion leaders.,D,False,0.19253075,0.5930365,0.1499431,0.06448972
When an individual passively appreciates an event or environment but leaves without affecting or altering the nature of the environment is called:,Entertainment realm.,Educational realm.,Aesthetic realm.,Escapist realm,C,True,0.13708732,0.17602359,0.3966753,0.29021385
 Which of the following is best understood as a period of time during which a customer interacts directly with a service?,Good usage.,Servicescape.,Service mix.,Service encounters.,D,True,0.10441444,0.13832666,0.076391235,0.6808677
Intermediaries assist end-users by bringing a product produced a long way away to a more convenient location for purchase and consumption. This is referred to as:,Time utility.,Place utility.,Ownership utility.,Information utility.,B,True,0.08640317,0.8457928,0.03178595,0.0360182
 The pricing approach where prices are set based on what competitors are charging is called the:,Cost-oriented approach.,Demand-oriented approach.,Competitor-oriented approach.,Value-oriented approach.,C,True,0.07559622,0.34955338,0.47778282,0.09706747
Which of the following types of tests is designed primarily to help predict how successful a person is likely to be in learning new skills?,Achievement,Aptitude,Interest,Personality,B,True,0.2482997,0.6749486,0.03360371,0.04314802
 ____________ occurs when a search engine company charges fees related to inclusion of websites in their search index.,Contextual search.,Site optimization.,Paid inclusion.,Paid listing,C,True,0.03700383,0.12915607,0.76683486,0.067005284
" This is where the manufacturing, purchasing, and consumption can occur at differing points in time.",Time utility.,Ownership utility.,Accessibility.,Information utility.,A,False,0.23728865,0.53473824,0.07948174,0.14849144
" According to Maslow's Hierarchy of Needs theory, the need for fulfilment, for realizing one's own potential, and for fully using one's talents and capabilities are examples of __________ needs.",Self-actualization.,Physiological.,Social.,Esteem.,A,True,0.46854728,0.23560037,0.06750064,0.22835171
Which of the following is not part of the consumer proposition acquisition process?,Motive development.,Information gathering.,Proposition evaluation.,Perception.,D,False,0.18529528,0.34617716,0.2306037,0.23792386
" When analysing consumer lifecycles, marketers look at consumers in differing stages of their life. Many models upon which these are based were developed in the 1960s. Since then a lot has changed in 'consumer lifecycles'. Which emerging trends should marketers take into consideration?",Fewer people are getting married.,People getting married at a later age.,More couples co-habiting.,All of the above.,D,True,0.0655685,0.16743502,0.104778156,0.66221833
 The pricing approach where prices are set based on what customers believe to offer value is called the:,Cost-oriented approach.,Demand-oriented approach.,Competitor-oriented approach.,Value-oriented approach.,D,True,0.051675525,0.27935526,0.07757415,0.5913951
The Internet has led to the development of an information intermediary. Here the key role is to manage information to improve the efficiency and effectiveness of the distribution channel. This is referred to as:,Time utility.,Information utility.,Ownership utility.,Place utility.,B,True,0.06629771,0.88705355,0.014337885,0.032310925
Which of the following is the best example of a trade discount?,A lumberyard offers a discount to a homeowner for buying lumber.,A retailer offers a discount to a consumer for buying out of-season merchandise.,A producer offers a discount to retailers for promoting its product during the month of June.,A car dealer offers a discount to a customer in exchange for a used car.,C,False,0.27689663,0.47101703,0.14365208,0.10843428
The rise of ___________ has led marketing to evolve away from a hierarchical one-sided mass communication model towards more participatory technologies (e.g. social channels and online communities).,Website.,Social media.,Web 1.0.,Web platform.,B,True,0.057222765,0.89511466,0.033639528,0.014023042
 Nysveen and Pedersen (2014) added in key dimensions of customer experience. The ______________ refers to how strongly a brand engages consumers in physical activities.,Affective dimension.,Intellectual dimension.,Behavioural dimension.,Sensory dimension.,C,False,0.23456277,0.31074518,0.22734605,0.22734605
"New technology results in new goods and services, and it can also:",Lower the quality of existing products.,Lower the available level of customer service.,Reduce prices through new production and distribution methods.,Bring back products that were considered obsolete.,C,True,0.046616994,0.1627093,0.6639555,0.12671813
"These are non-durable goods or services, often bought with little pre-purchase thought or consideration:",Impulse products.,Manufacturer products.,Convenience products.,Luxury products.,C,False,0.38557145,0.2734111,0.12132543,0.219692
"In marketing, the term proposition:","Refers only to tangible items that can be seen, tasted, or touched.",Is a broad concept that encompasses the satisfaction of consumer needs.,"Is limited in meaning to goods, services, and ideas only.","Never refers to such things as package design, brand name, or warranty.",B,True,0.2214554,0.4010039,0.13431948,0.24322116
" When the analyst reads the data from a critical perspective to determine whether or not this fits with their expectations, this constitutes what is termed a:",Face validity.,Reliability.,Control group.,Focus group.,A,False,0.14082852,0.27145407,0.06447599,0.5232414
 What is the term used to describe how consistent or stable the ratings generated by a scale are?,Replication.,Pre-code.,Reliability.,Convenience.,C,True,0.060966376,0.17641208,0.69772327,0.06489838
"_________ enable different types of uncertainty to be lowered in several ways (Fill and McKee, 2012). These include reducing the complexity, increasing value and competitive advantage, routinization, and providing specialization.",Warehouse.,Distribution.,Supply chain.,Marketing channels.,D,False,0.058650915,0.12416398,0.5923532,0.22483192
"When little is known about the problem, research seeking to discover the cause of a problem by discussing the problem with informed sources and examining pre-existing data is undertaken. This type of research is:",Situation analysis.,Information investigation.,Exploratory research.,Bottom-line analysis.,C,False,0.3740495,0.3625412,0.14197318,0.1214361
" A means of orchestrating the tools of the marketing communications mix, so that audiences perceive a single, consistent, unified message whenever they have contact with a brand, is referred to as:",Integrated marketing communications (IMC).,Personal selling (PS).,Direct marketing (DM).,Customer service (CS).,A,True,0.8027331,0.10205607,0.043893766,0.05131701
 Which of the following consumer buying behaviours requires the least effort?,High involvement buying situation.,New buying situation.,Routine buying.,Impulsive buying.,C,False,0.19352488,0.35042828,0.19966802,0.25637883
 ________________ is a process that leads to specific decisions on how to compete in the marketplace and how the company should best serve its customers.,Portfolio analysis.,Environmental scanning.,Strategic marketing.,Marketing research.,C,False,0.3538113,0.41364732,0.09824985,0.13429162
 What type of media has the primary objective to get the attention of shoppers and to stimulate them to make a purchase? (Examples include point-of-purchase displays and packaging.),Broadcast media.,Interactive media.,In-store media.,Support media.,C,True,0.012158027,0.0792803,0.8523435,0.05621815
"A commercial activity, whereby one party permits another an opportunity to exploit an association with a target audience in return for funds, services, or resources is referred to as:",Advertising.,Exchange.,Sponsorship.,Public relations.,C,True,0.036739655,0.23220178,0.6311899,0.09986874
 Types of non-random samples include:,Convenience and quota samples.,Cluster and convenience samples.,Stratified and convenience samples.,Random and cluster samples.,A,False,0.22998701,0.32433367,0.1682621,0.27741727
 These store goods for moderate to long periods:,Storage warehouses.,Distribution centres.,Haulage transport.,Electronic data interchange.,A,False,0.13689786,0.4488708,0.1813602,0.2328711
Robert is a marketer for a global consumer products company. He is working on the promotional campaign designed to reach a target audience in a new international market. Robert is working hard to make sure that the promotional campaign is clearly understood by the nation's consumers and doesn't offend anyone. By which of the factors in the external environment is he being influenced,Socio-cultural environment.,Competitive environment.,Economic environment.,Legal environment.,A,False,0.31353897,0.32349178,0.18432008,0.17864914
"____________________ are those who address the same target market but provide a different offering to satisfy the market need, for example Spotify, Sony, and Apple's iPod.",Direct competitions.,Direct suppliers.,Indirect distributors.,Indirect competitions.,D,False,0.33521283,0.30521476,0.09022131,0.26935107
 A key benefit of the STP process is:,More effective and efficient matching of company resources to targeted market segments promising the greatest ROMI.,Enhancing a company's competitive position by providing direction and focus for marketing strategies.,"Examining and identifying growth opportunities in the market through the identification of new customers, growth segments, or new product uses.",All of the above.,D,True,0.104685664,0.095317386,0.026468681,0.7735283
" ____________ is also a form of sponsorship and represents a relationship between film/TV producers and managers of brands. Through this arrangement, brand managers are able, for a fee, to present their brands 'naturally' within a film or entertainment event. Such placement is designed to increase brand awareness, develop positive brand attitudes, and possibly lead to purchase activity.",Brand placement.,Field marketing.,Exhibition.,Viral marketing.,A,True,0.5530913,0.32514557,0.051445507,0.07031767
"The management and execution of marketing using digital electronic technologies and channels (e.g. web, email, digital TV, wireless media) and digital data about user/customer characteristics and behaviour is referred to as:",E-marketing.,Social marketing.,Digital marketing,Internet marketing.,C,True,0.015967779,0.067226864,0.8189908,0.09781451
 ___________ occurs when a website's structure and content is improved to maximize its listing in organic search engine results pages using relevant keywords or search phrases.,Paid inclusion.,Search engine optimization.,Contextual search.,Pay per click.,B,True,0.16430904,0.7838746,0.033381402,0.018434964
"A form of marketing communications that uses the Internet for the purpose of advertising, aiming to increase website traffic and/or encourage product trial, purchase, and repeat purchase activity is called:",Search marketing.,E-mail marketing.,Internet advertising.,Social web marketing.,C,True,0.031188823,0.07251619,0.8562478,0.040047243
"This branding policy requires that all the products use the organization's name, either entirely or in part, e.g. Microsoft, Heinz, and Kellogg's",Individual branding.,Family branding.,Corporate brands.,Manufacturer brand.,B,True,0.2059307,0.3395223,0.27281383,0.1817332
 The action of presenting persuasive communication and the action of audiences in interpreting that communication to assimilate it into their existing understanding is referred to as:,Needs identifying.,Innovating.,Advertising.,Framing.,D,True,0.062617995,0.24003932,0.103239626,0.59410304
" An organization can offer standard products at acceptable levels of quality, yet still generate above-average profit margin by adopting _____________",Cost leadership.,Differentiation.,Focus strategy.,Market follower strategy.,A,False,0.18697362,0.4774539,0.15992703,0.17564547
 Which of the following is not an issue that marketers need to consider when using digital resources for marketing activities?,Jurisdiction.,Disclosure.,Ownership.,Permissions.,B,True,0.2024392,0.36657003,0.2154954,0.2154954
 What type of media helps advertisers demonstrate the benefits of using a particular product and can bring life and energy to an advertiser's message?,Broadcast media.,Interactive media.,Print media.,Support media.,A,False,0.11213429,0.44349974,0.30481264,0.13955338
The process of keeping a running account of merchandise on hand is referred to as,perpetual inventory,economic order quantity,book inventory,physical inventory,A,False,0.2727101,0.39679086,0.09723778,0.2332613
This is the sharing of meaning created through the transmission of information:,Communication.,Noise.,Transfer.,Understanding.,A,True,0.40523878,0.2102351,0.17429103,0.2102351
In relationship marketing firms focus on __________ relationships with __________.,Short-term; customers and stakeholders.,Long-term; customers and stakeholders.,Short-term; customers.,Long-term; customers.,B,True,0.23826325,0.64766663,0.07266618,0.04140394
" Which of the following means placing your product or service in as many outlets or locations as possible, in order to maximize the opportunity for customers to find the good or service?",Exclusive distribution.,Intensive distribution.,Selective distribution.,Direct distribution.,B,True,0.1495963,0.39413378,0.23169929,0.22457066
 ______________ is used to determine whether one variable causes an effect in another variable. In order to determine causality experimental or longitudinal studies are needed.,Ethnographic study.,Consumer juries.,Causal research.,Focus-groups.,C,True,0.02633418,0.086346455,0.84523755,0.0420819
 A database of information that is maintained by human editors and lists websites by category and subcategory with categorization is known as:,A search directory.,Automated voice response (AVR).,Apps.,SEO.,A,False,0.30792215,0.3277814,0.11687406,0.24742238
Services are characterized by five distinct characteristics. These are:,"Intangibility, value, variability, inseparability, and a lack of ownership.","Intangibility, value, variability, inseparability, and profitability.","Intangibility, perishability, variability, inseparability, and a lack of ownership.","Intangibility, value, variability, inseparability, and relationship.",C,False,0.21975468,0.36231422,0.17657785,0.2413533
A company sells its product at two different prices in two different locations. Which of the following types of research will be most effective in identifying the optimal price for the product if all other marketing factors are held constant?,Descriptive,Exploratory,Ethnographic,Causal,D,False,0.2328781,0.50865257,0.10333904,0.15513028
"Where the price is set low relative to the competition to gain market share, this strategy is known as:",Premium pricing.,Price skimming.,Economy pricing.,Penetration pricing.,D,False,0.14289783,0.6404236,0.11846646,0.098212145
 Which of the following is not the rationale for developing CSR initiatives?,Corporations have responsibilities going beyond the production of their offerings at a profit.,Corporations have a broader constituency of stakeholders than shareholders alone.,The impacts of corporations limit to only simple marketplace transactions.,"Corporations serve a wider range of human values, not captured solely by a focus on economic values.",C,False,0.24094316,0.37318006,0.24859151,0.13728528
This business-to-business pricing approach seeks to understand customers' needs before pricing the offering according to those needs in order to generate a long-term relationship. This is referred to as:,Geographical pricing.,Discount pricing.,Relationship pricing.,Value-in-use pricing.,C,True,0.009385299,0.05749192,0.899325,0.03379776
"This form of advert delivered on social platforms and social gaming websites and apps, across all device types is known as:",Mobile marketing.,Social media advertising.,Internet advertising.,E-marketing.,B,True,0.08383366,0.87356675,0.02556782,0.01703184
 Secondary data has two important advantages over primary data. It is:,Capable of compensating for rapid environmental changes and technical improvements.,Always available and complete.,Seldom obsolete and usually fits the dimensions of your problem.,Generally cheaper to gather than primary data and takes less time to find.,D,False,0.18510376,0.3681228,0.21640821,0.23036537
" Internet-based organizations designed to provide information to channel members, including end-users are referred to as:",Infomediaries.,Retailers.,Department stores.,Wholesalers.,A,False,0.16186422,0.40061778,0.08397405,0.35354394
"In B2B contexts, ___________ occurs in large organizations where considerable internal dealing between different company divisions occurs, often across national boundaries.",Price gouging.,Transfer pricing.,Pay what you want pricing.,EVC pricing.,B,True,0.16498931,0.50820285,0.1812053,0.14560255
This is when a product or service is offered together with another typically complementary product or service:,Product pricing.,Price differentiation.,Pure price bundling.,Odd-Number pricing.,C,False,0.10326141,0.33858112,0.31806752,0.24008997
 This is something that at some time in the future may destabilize and/or reduce the potential performance of the organization.,Strength.,Weakness.,Threat.,Opportunities.,C,False,0.08806063,0.6112619,0.21795215,0.0827253
"When there are high levels of business failures and unemployment, the business cycle is said to be in which of the following phases?",Expansion,Peak,Recovery,Trough,D,False,0.0733052,0.57659,0.23296341,0.117141366
"Many retail brands adopt a single umbrella brand, based on the name of the organization. This is referred to as:",Family branding.,Corporate brands.,Individual branding.,Manufacturer brand.,B,True,0.35786515,0.44537038,0.05662249,0.140142
 The importance and significance of customer experience to both individuals and society is referred to as:,Knowledge economy.,Service economy.,Experience economy.,Customer economy.,C,True,0.0069129984,0.034026973,0.93416536,0.024894664
"________________reflect a purchaser's high level of involvement in the purchase decision. There is high perceived risk in these decisions so consumers spend a great deal of time, care, and energy searching, formulating, and making the final decision.",Durable goods.,Non-durable goods.,Convenience products.,Services.,A,False,0.18722194,0.3841545,0.04446911,0.3841545
"____________ is a form of digital marketing that describes the use of the social web and social media (e.g. social networks, online communities, blogs or wikis) or any online collaborative technology for marketing activities, be it sales, public relations, research, distribution, or customer service.",Pay per click (PPC),Digital asset optimization (DAO),Social media marketing (SMM),Search engine optimization (SEO),C,True,0.025448428,0.069175996,0.8694875,0.035888035
Inelastic demand occurs when the,quantity demanded changes a great deal as prices fluctuate,quantity demanded barely changes with a change in price,change in quantity demanded is in the same proportion as the change in price,demand curve and the supply curve intersect at a given price point,B,True,0.13263007,0.5583934,0.21194224,0.09703422
 A person who is in the position of attempting to satisfy their needs at the most basic level is operating at the level of Maslow's needs hierarchy called the need for:,Self-actualization.,Esteem.,Physiological needs.,Belongingness.,C,True,0.013192504,0.11045949,0.86883116,0.0075168624
" During the __________ stage of the adoption process, the innovation is tried for the first time. Sales promotions are often used as samples to allow individuals to test the product without any undue risk. Individuals accept or reject an innovation on the basis of their experience of the trial.",Knowledge.,Implementation.,Persuasion.,Decision.,B,True,0.2804794,0.5577999,0.051883474,0.10983731
 Which technique is used to collect data that has been previously collected for a purpose other than the current research situation?,Primary research.,Secondary research.,Primary and secondary.,Primary and desk research.,B,True,0.14528893,0.7151371,0.073055856,0.06651812
 Current changes in behaviors clearly show that ______ is taking over more and more of consumer online searches.,Social media.,Mobile.,Internet.,Blog.,B,True,0.19519034,0.4398682,0.26679355,0.09814787
"Once a train pulls out of a station, or an aeroplane takes off or a film starts, those seats are lost and can never be sold. This is referred to as:",Inseparability.,Variability.,Intangibility.,Perishability.,D,True,0.09363238,0.1362343,0.27953467,0.4905986
 The train operator understands customer desire for a comfortable seat but fails to specify how many should be provided relative to the anticipated number of travellers on each route. This is an example of:,GAP 2-the gap between management perception and service-quality specification.,GAP1-the gap between the customer's expectations and management perception.,GAP 3-the gap between service-quality specifications and service delivery.,GAP 4-the gap between service delivery and external communications.,A,False,0.3358643,0.4051297,0.13152635,0.12747972
 This is part of the communication process and refers to the responses offered by receivers:,Encoding.,Decoding.,Transfer.,Feedback.,D,False,0.086096875,0.65636903,0.057352886,0.20018125
 Economic—marketing should encourage long-term economic development as opposed to short-term economic development.,"Ecological, evolutionary, and economic","Ecological, equitable, and economic","Evolutionary, equitable, and economic.","Ecological, equitable, and emerging.",B,True,0.2430539,0.388399,0.20149875,0.16704834
 Individuals become completely immersed in their environment and actively participate so that they affect actual performances or occurrences in the environment. This is referred to as:,Educational realm.,Escapist realm.,Aesthetic realm.,Entertainment realm.,B,False,0.0932821,0.20374684,0.13154885,0.57142216
"This is a marketing communication tool that uses non-personal media to create and sustain a personal and intermediary free communication with customers, potential customers, and other significant stakeholders:",Direct marketing.,Advertising.,Public relations.,Sales promotion.,A,True,0.5831272,0.23560469,0.01933961,0.16192856
" It has been claimed that the three major outcomes from the development of relationship trust are satisfaction, ___________, and continuity (Pavlou, 2002).",Reduced perceived risk.,Service recovery.,Service processes.,Efficiency.,A,True,0.37300476,0.2904964,0.110259995,0.22623883
The family life cycle:,Is a way to apply psychographic segmentation.,Refers to the process of family formation and dissolution.,"Provides insights into the relationships among age, occupation, income, and housing.",Is composed of the 11 stages of personal growth from infancy to retirement.,B,True,0.13661319,0.5934206,0.09994834,0.17001785
"A marketing research firm contracts with clients to conduct a complete marketing research project from data collection, analysis, and reporting. It is a__________ firm.",Consultant.,Field agency.,Full-service agency.,Tabulation agency.,C,False,0.1239283,0.36998156,0.36998156,0.1361086
"A company builds its sales message, advertising message, and promotion theme to influence how a particular market sector perceives a good or service in comparison with the competition. The company is primarily engaged in",segmentation,mass customization,concentrated targeting,positioning,D,True,0.07243902,0.0990124,0.025034254,0.80351436
" With this pricing approach, the pricing process begins with the customer; not the cost of the product offering:",Value-based pricing.,Cost-based pricing.,Customer-led pricing.,Sales pricing.,A,False,0.24420205,0.18433338,0.51697576,0.05448884
___________ is based on the idea that customer expectations of the service they will receive shape their perception of the actual service encounter.,Service quality.,Service action.,Service recovery.,Service satisfaction.,A,True,0.6843153,0.17851433,0.057955116,0.07921525
 Information collected for the first time specifically for a marketing research study is called:,Secondary research.,Primary research.,Soft research.,Experimental research.,B,True,0.063164584,0.9281968,0.0034538645,0.005184865
"This includes advertisements that contain 'call-to-response' mechanisms such as telephone numbers, website addresses, email and postal addresses:",Direct response advertising.,Sales promotions.,Mass media advertising.,Public relations.,A,True,0.5577202,0.17549443,0.026912944,0.23987247
Which of the following is not part of the external marketing environment?,Political.,Legal.,Product.,Socio-cultural.,C,False,0.17777984,0.36478055,0.24299623,0.21444342
 In order for exchange to occur:,A complex societal system must be involved.,Organized marketing activities must also occur.,A profit-oriented organization must be involved.,Each party must have something of value to the other party.,D,True,0.12502885,0.21943247,0.05905945,0.5964793
"Conflict between sequential members in a distribution network, such as producers, distributor, and retailers, over such matters as carrying a particular range or price increases is referred to as:",Channel conflict.,Horizontal conflict.,Vertical conflict.,Supply chain conflict.,C,True,0.1663257,0.22034575,0.45212013,0.16120839
Which of the following is an example of costbased pricing?,Basing the price on what the customer is willing to pay,Basing the price on the psychological expectations of the customer,Basing the price on the features and benefits of the product,Basing the price on the full cost of production plus the required profit,D,True,0.11862961,0.2591109,0.20820145,0.41405803
Which of the following is typically not a result of recognizing the importance of ethnic groups by marketers?,Use of an undifferentiated one-size-fits-all marketing strategy.,"Adaptation of the advertising, particularly the use of foreign languages, to the target ethnic market.",Variations in product offerings to suit the wants of a particular group.,Study of ethnic buying habits to isolate market segments.,A,False,0.31454414,0.36773935,0.1440088,0.17370777
_______________can be defined as the aspect of our psyche that determines the way in which we respond to our environment in a relatively stable way over time.,Perception.,Personality.,Learning.,Memory.,B,False,0.49954194,0.3654727,0.019984191,0.11500109
The six dimensions usually considered to constitute the external marketing environment include all of the following except:,Political considerations.,Global factors.,Socio-cultural aspects.,Economics issues.,B,True,0.1769249,0.3987064,0.18254109,0.24182767
